ずっと,ずっと,"- continuously in some state (for a long time, distance); throughout; all along; the whole time; all the way
- much (better, etc.); by far; far and away
- far away; long ago
- direct; straight"
吊革,つりかわ,- strap (to hang onto)
俺,おれ,- I; me
ために,ために,"- for; for the sake of; to one's advantage; in favor of; in favour of; on behalf of
- because of; as a result of"
はーい,はーい,"- understood; I see; OK; okay
- present; here"
着る,きる,"- to wear (in modern Japanese, from the shoulders down); to put on
- to bear (guilt, etc.)"
こういう,こういう,- such; this sort of; like this
を,を,"- indicates direct object of action
- indicates subject of causative expression
- indicates an area traversed
- indicates time (period) over which action takes place
- indicates point of departure or separation of action
- indicates object of desire, like, hate, etc."
左手,ひだりて,"- left hand
- left-hand side; left-hand direction; (on) the left"
もん,もん,"- indicates reason or excuse
- indicates dissatisfaction; indicates desire to be pampered or indulged"
上司,じょうし,- (one's) superior; (one's) boss; the higher-ups
全部,ぜんぶ,- all; entire; whole; altogether
アパート,アパート,"- apartment building; apartment block; apartment house
- apartment"
って,って,"- you said; he said; she said; they said
- if ... then
- do you seriously think that
- I already told you; you should know by now that; of course
- the said ...; said ...
- says that ...
- I hear that ...
- as for the term ...
- as for ..."
電話,でんわ,"- telephone call; phone call
- telephone (device); phone"
あなたたち,あなたたち,- you (plural)
多い,おおい,"- many; numerous; a lot
- large amount of; large quantity of; a lot; much
- frequent; common"
溢れる,あふれる,- to overflow; to brim over; to flood
どうかな,どうかな,"- how about ...?
- I wonder; I don't know"
体,からだ,"- body
- torso; trunk
- build; physique; frame; figure
- health; constitution
- corpse; dead body"
嬉しい,うれしい,"- happy; glad; pleased; delighted; overjoyed
- joyful; delightful; gratifying; pleasant"
きちんと,きちんと,"- properly; accurately; exactly; precisely; regularly
- neatly; tidily; orderly"
快調,かいちょう,- good (condition); going well; fine; smooth
幸せ,しあわせ,- happiness; good fortune; luck; blessing
続く,つづく,"- to continue; to last; to go on
- to continue (without a break); to be unbroken
- to occur again and again
- to lead to; to connect to; to adjoin
- to come after; to follow; to succeed; to rank next to
- to hold out; to keep; to last"
命綱,いのちづな,- lifeline; safety rope; safety tether
力を入れる,ちからをいれる,- to put effort into; to strain; to put strength into; to put forth effort
偶々,たまたま,"- occasionally; once in a while; seldom
- casually; unexpectedly; accidentally; by chance"
ただいま,ただいま,"- here I am; I'm home!
- presently; right away; right now; just now"
けど,けど,- but; however; although
自慢,じまん,- pride; boast
ではある,ではある,- to be (in contrast to something that is not the case)
年齢,ねんれい,- age; years
だんだん,だんだん,"- gradually; by degrees; little by little; more and more; increasingly
- steps; stairs; staircase; terrace"
両手,りょうて,"- both hands; both arms
- ten"
ほど,ほど,"- extent; degree; measure
- limit; bounds
- (span of) time
- (a) distance
- the state of; the status of; the condition of
- about; around; approximately; or so
- as much as ...; to the extent of ...; like ...
- the more ... the more ..."
死ぬ,しぬ,"- to die; to pass away
- to lose spirit; to lose vigor; to look dead
- to cease; to stop"
制服,せいふく,- uniform
終い,しまい,- end; close; finish; termination
寝る,ねる,"- to sleep (lying down)
- to go to bed; to lie in bed
- to lie down
- to sleep (with someone, i.e. have intercourse)
- to lie flat (e.g. of hair)
- to lie idle (of funds, stock, etc.)
- to ferment (of soy sauce, miso, etc.)"
だった,だった,- was; were
その頃,そのころ,- at that time; in those days; at that moment; then
全て,すべて,"- everything; all; the whole
- entirely; completely; wholly; all"
例えば,たとえば,- for example; for instance; e.g.
色々,いろいろ,"- various; all sorts of; variety of
- various colors (colours)"
喋る,しゃべる,- to talk; to chat; to chatter
少し,すこし,"- small quantity; little; few; something
- little while
- short distance"
思い出す,おもいだす,- to recall; to remember; to recollect
そして,そして,- and; and then; thus; and now; and finally
夕食,ゆうしょく,- evening meal; dinner
に,に,"- at (place, time); in; on; during
- to (direction, state); toward; into
- for (purpose)
- because of (reason); for; with
- by; from
- as (i.e. in the role of)
- per; in; for; a (e.g. ""once a month"")
- and; in addition to
- if; although"
どうしたの,どうしたの,"- what's the matter?; what's wrong?
- what happened (to) ...?; what have you done (with) ...?; where is ...?"
眉間,みけん,- brow; glabella; middle forehead; area between the eyebrows
気,げ,- seeming; giving the appearance of; giving one the feeling of
二人とも,ふたりとも,- both (people)
替える,かえる,"- to replace
- to exchange; to interchange
- to substitute"
食事,しょくじ,"- meal; dinner
- diet"
もう,もう,"- now; soon; shortly; before long; presently
- already; yet; by now; (not) anymore
- further; more; again; another; the other
- tsk; dammit; jeez; come on; what the hell"
寒い,さむい,"- cold (e.g. weather)
- uninteresting (esp. joke); lame; dull; weak; corny"
すぎる,すぎる,"- to pass through; to pass by; to go beyond
- to pass (of time); to elapse
- to have expired; to have ended; to be over
- to exceed; to surpass; to be above
- to be no more than ...
- to be excessive; to be too much; to be too ..."
目,め,"- eye; eyeball
- eyesight; sight; vision
- look; stare; gaze; glance
- notice; attention; observation; eyes (of the world, public, etc.)
- an experience
- viewpoint
- discrimination; discernment; judgement; eye (e.g. for quality)
- appearance
- chance to succeed; possibility
- spacing (between crossed strands of a net, mesh, etc.); opening; stitch; texture; weave
- grain (of wood)
- eye (of a storm, needle, etc.)
- intersection (on a go board); square (on a chess board)
- dot (on a dice); pip; rolled number
- graduation; division (of a scale)
- tooth (of a saw, comb, etc.)
- ordinal number suffix
- somewhat; -ish
- point (e.g. of change)"
悲しい,かなしい,"- sad; miserable; unhappy; sorrowful
- sad; lamentable; deplorable; grievous"
気をつける,きをつける,- to be careful; to pay attention; to take care
ご飯,ごはん,"- cooked rice
- meal"
初めて,はじめて,"- for the first time
- only after ... is it ...; only when ... do you ...; not until ... do you ...
- first time; (one's) first"
まだ,まだ,"- still; as yet; only
- (not) yet
- more; (more) still
- at least; comparatively; relatively
- unfinished; incomplete; not yet done"
日,ひ,"- day; days
- sun; sunshine; sunlight
- (the) day; daytime; daylight
- date; deadline
- (past) days; time (e.g. of one's childhood)
- case (esp. unfortunate); event"
二つ,ふたつ,- two
見にくる,みにくる,"- to come and see (someone, something); to visit"
作る,つくる,"- to make; to produce; to manufacture; to build; to construct
- to prepare (food); to brew (alcohol)
- to raise; to grow; to cultivate; to train
- to till
- to draw up (a document); to make out; to prepare; to write
- to create (an artistic work, etc.); to compose
- to coin (a phrase); to organize; to organise; to establish; to found
- to have (a child)
- to make up (one's face, etc.)
- to fabricate (an excuse, etc.)
- to give a (false) appearance; to feign (a smile, etc.); to put on a show of emotion
- to form (a line, etc.)
- to set (a record)
- to commit (a sin, etc.)"
へえ,へえ,"- oh, yes?; really?"
叶うことなら,かなうことなら,- if possible; if it is in my power; if it was realistic
お母さん,おかあさん,"- mother; mom; mum; ma
- wife"
与える,あたえる,"- to give (esp. to someone of lower status); to bestow; to grant; to confer; to present; to award
- to provide; to afford; to offer; to supply
- to assign
- to cause
- to pass (a variable to a function)"
右手,みぎて,"- right hand
- right-hand side; right-hand direction; (on) the right"
飯,めし,"- cooked rice
- meal; food
- one's living; livelihood"
やがて,やがて,"- before long; soon; shortly
- almost; nearly
- finally; in the end; eventually"
料理,りょうり,"- cooking; cookery; cuisine; meal; food; dish; item on a menu
- dealing with something; handling; administration; management"
あなた,あなた,"- you
- dear; honey"
持ち替える,もちかえる,- to change way one holds something; to transfer something from one hand to the other
念願,ねんがん,- one's heart's desire; one's dearest wish
やってくる,やってくる,"- to come along; to come around; to turn up
- to arrive at the present; to get where one is; to have been doing something (for a period of time)"
人間,にんげん,"- human being; human; person; man; mankind; humankind
- character (of a person)"
いく,いく,"- to go; to move (in a direction or towards a specific location); to head (towards); to be transported (towards); to reach
- to proceed; to take place
- to pass through; to come and go
- to walk
- to die; to pass away
- to do (in a specific way)
- to stream; to flow
- to continue
- to have an orgasm; to come; to cum
- to trip; to get high; to have a drug-induced hallucination"
一人暮らし,ひとりぐらし,- living by oneself; living alone
なる,なる,"- to become; to get; to grow; to turn; to reach; to attain
- to result in; to turn out; to end up; to prove (to be)
- to consist of; to be composed of; to be made up of
- to be completed; to be realized; to succeed; to be attained; to be accomplished
- to change (into); to turn (into); to transform
- to come (to do); to begin (to do); to grow (to do)
- to come to; to amount to; to add up to; to make
- to play (the part of); to act as
- to be used for; to be useful for; to serve as
- to be promoted
- to do ..."
か,か,"- indicates a question
- or; whether or not
- some- (e.g. something, someone)
- hmm; huh
- very
- -al; -ial; -ic; -ical; -ish; -y
- in that way"
で,で,"- at; in
- at; when
- by; with
- and then; so
- and; then
- let me tell you; don't you know"
きっかけに,きっかけに,- with ... as a start; taking advantage of; inspired by
嫌,いや,- disagreeable; detestable; unpleasant; reluctant
まで,まで,"- until (a time); till; to; up to
- to (a place or person); as far as
- to (an extent); up to; so far as; even
- only; merely"
歌う,うたう,"- to sing
- to sing (one's praises in a poem, etc.); to compose a poem; to recite a poem"
小さい,ちいさい,"- small; little; tiny
- slight; below average (in degree, amount, etc.); minor; small
- low (e.g. sound); soft (e.g. voice)
- unimportant; petty; insignificant; trifling; trivial
- young; juvenile"
ずいぶん,ずいぶん,"- very; extremely; surprisingly; considerably; awfully; terribly
- terrible; horrid; contemptible; reprehensible
- remarkable; extraordinary"
な,な,"- don't
- do
- hey; listen; you
- now, ...; well, ...; I tell you!; you know
- wow; ooh"
過ごす,すごす,"- to pass (time); to spend
- to overdo (esp. of one's alcohol consumption); to drink (alcohol)
- to take care of; to support
- to overdo; to do too much
- to ... without acting on it"
大丈夫,だいじょうぶ,"- safe; secure; sound; problem-free; without fear; all right; alright; OK; okay
- certainly; surely; undoubtedly
- no thanks; I'm good; that's alright
- great man; fine figure of a man"
いつも,いつも,"- always; all the time; at all times
- never
- usual; regular; habitual; customary"
女の子,おんなのこ,"- girl; daughter; baby girl
- young woman"
泣く,なく,- to cry; to weep; to sob; to howl
外,そと,"- outside; exterior
- the open (air)
- other place; somewhere else; outside one's group (family, company, etc.)"
あの,あの,- that; those; the
じゃないか,じゃないか,"- isn't it?
- let's ...; why don't we ...; how about we ...; shouldn't we ..."
の,の,"- indicates possessive
- nominalizes verbs and adjectives
- substitutes for ""ga"" in subordinate phrases
- (at sentence-end, falling tone) indicates a confident conclusion
- (at sentence-end) indicates emotional emphasis
- (at sentence-end, rising tone) indicates question"
沢山,たくさん,"- a lot; lots; plenty; many; a large number; much; a great deal; a good deal
- enough; sufficient
- enough; too many; too much"
じゃう,じゃう,"- to do completely
- to do accidentally; to do without meaning to; to happen to do"
時,とき,"- time; hour; moment
- occasion; case
- chance; opportunity; season
- the times; the age; the day
- tense"
盛り,さかり,"- height (e.g. of summer); peak (e.g. of cherry blossom season); (in) season; full bloom; full swing (of a party, etc.)
- prime (of one's life); (one's) best days; bloom
- (being in) heat; rut"
お父さん,おとうさん,"- father; dad; papa; pa; pop; daddy; dada
- husband
- you; he; him"
遠い,とおい,"- far; distant; far away; a long way off; in the distance
- distant (past); remote (in time); remote; far-removed (in time)
- distant (relationship or kinship); having little to do (with someone)
- far (from something else in quality, degree, etc.); not similar; way off
- hard (of hearing)
- nearsighted"
ある,ある,"- to be; to exist; to live
- to have
- to be located
- to be equipped with
- to happen; to come about"
には,には,"- to; for; on; in; at
- in order to; for
- as for; regarding
- while it is (was) the case that ...; indeed ... (but); certainly ... (but)"
食べる,たべる,"- to eat
- to live on (e.g. a salary); to live off; to subsist on"
しまう,しまう,"- to finish; to stop; to end; to put an end to; to bring to a close
- to close (a business, etc.); to close down; to shut down; to shut up
- to put away; to put back; to keep; to store
- to do completely; to finish
- to do accidentally; to do without meaning to; to happen to do"
人参,にんじん,"- carrot (Daucus carota)
- Asian ginseng (Panax ginseng)"
ちゃん,ちゃん,- suffix for familiar person
ミー,ミー,- Mee
ほか,ほか,"- other (place, thing, person); the rest; et al.
- outside; beyond
- nothing except; nothing but; nothing apart from; nothing aside from; no choice (but to)
- besides...; in addition to..."
目を瞑る,めをつぶる,"- to shut one's eyes
- to ignore; to pretend not to know
- to die"
だ,だ,"- be; is
- did; (have) done
- please; do"
時間,じかん,"- time
- hour
- period; class; lesson"
大きい,おおきい,"- big; large; great
- loud
- extensive; spacious
- important; decisive; valuable
- older; grown up"
すぐに,すぐに,- immediately; right away; at once; instantly
誰か,だれか,- someone; somebody
お互いに,おたがいに,- mutually; with each other; reciprocally; together; both
じゃ,じゃ,"- then; well; so; well then
- be; is"
うん,うん,"- yes; yeah; uh huh
- hum; hmmm; well; erm; huh?
- oof"
同時に,どうじに,- coincident with; while; simultaneously
さあ,さあ,"- come; come now; come along; go on; hurry up
- well; who knows; I don't know...; uh; hmm
- well now; let's see; there we go; all right
- about that; you see"
多く,おおく,"- many; much; plenty; a lot
- majority (of); greater part (of)
- mostly; mainly; chiefly; usually; often"
老齢,ろうれい,- advanced age; senility
失礼,しつれい,"- discourtesy; impoliteness
- excuse me; goodbye
- to leave
- to be rude"
たっぷり,たっぷり,- full; in plenty; ample
本当,ほんとう,"- truth; reality; actuality; fact
- proper; right; correct; official
- genuine; authentic; real; natural; veritable"
知る,しる,"- to be aware of; to know; to be conscious of; to cognize; to cognise
- to notice; to feel
- to understand; to comprehend; to grasp
- to remember; to be acquainted with (a procedure)
- to experience; to go through; to learn
- to be acquainted with (a person); to get to know
- to concern"
じっと,じっと,"- motionlessly (e.g. stand, wait); (be) still
- fixedly (e.g. gaze, stare); intently (e.g. listen, think)
- patiently (endure); stoically
- firmly (e.g. hold); restrained"
から,から,"- from (e.g. time, place, numerical quantity); since
- from (originator); by
- because; since
- out of (constituent, part)
- through (e.g. window, vestibule)
- after; since
- expresses sympathy or warning"
その,その,"- that; the
- part (as in ""part two"")
- um ...; er ...; uh ..."
お弁当,おべんとう,- bento; Japanese box lunch
上,うえ,"- above; up; over; elder (e.g. daughter)
- top; summit; head (e.g. of a staircase)
- surface
- before; previous
- superiority; one's superior; one's elder
- on top of that; besides; what's more; not only ... but
- upon (further inspection, etc.); based on (and occurring after)
- matters concerning ...; as concerns ...
- since (i.e. ""for that reason"")
- honorable; venerable
- place of one's superior (e.g. the throne)
- emperor; sovereign; shogun; daimyo
- noblewoman (esp. the wife of a nobleman)"
もう一度,もういちど,- once more; again
そう,そう,"- in that way; thus; such
- so
- so?"
なんだ,なんだ,"- what!; oh
- what the heck; what the; damn"
猫,ねこ,"- cat (esp. the domestic cat, Felis catus)
- shamisen
- geisha
- wheelbarrow
- clay bed-warmer
- bottom; submissive partner of a homosexual relationship"
やる,やる,"- to do; to undertake; to perform; to play (a game); to study
- to send; to dispatch; to despatch
- to put; to move; to turn (one's head, glance, etc.)
- to give (esp. to someone of equal or lower status); to let have; to present; to bestow; to confer
- to make (a vehicle) go faster
- to run (a business); to keep; to be engaged in; to practice (law, medicine, etc.); to practise
- to have (food, drink, etc.); to eat; to drink; to smoke
- to hold (a performance); to perform; to show
- to ease (one's mind)
- to harm; to injure; to kill
- to have sex with
- to live; to get by; to get along
- to do ... completely
- to do ... broadly; to do ... to a great distance
- to do ... for (someone of equal or lower status); to do ... to
- to make active efforts to ..."
彼女,かのじょ,"- she; her
- girlfriend"
みたい,みたい,- -like; sort of; similar to; resembling
成長,せいちょう,"- growth; development; growing up; becoming an adult
- growth (of a company, the economy, etc.)"
まだまだ,まだまだ,"- still; much more; (not) yet
- still a long way to go; still a long way off; not there yet"
ごめん,ごめん,"- I'm sorry; my apologies; excuse me; pardon me
- may I come in?
- permission; leave; license
- dismissal; discharge
- not wanting; objecting to; being fed up with; wishing to avoid"
元気,げんき,"- lively; full of spirit; energetic; vigorous; vital; spirited
- healthy; well; fit; in good health"
近く,ちかく,"- near; neighbourhood; neighborhood; vicinity
- nearly (e.g. ""it took nearly one year""); close to
- shortly; soon"
こんなに,こんなに,- so; like this; in this way
なの,なの,"- that's the way it is; yes
- is that so?; is it?"
就職,しゅうしょく,- finding employment; getting a job
窓ガラス,まどガラス,- windowpane; window glass
と,と,"- if; when
- and
- with
- used for quoting (thoughts, speech, etc.)
- promoted pawn
- indicates a question"
桜ん坊,さくらんぼ,"- cherry fruit (esp. sweet cherry, Prunus avium)"
走る,はしる,"- to run
- to run (of a vehicle); to drive; to travel; to move; to sail
- to rush (to); to dash; to race
- to retreat; to flee; to defect (to)
- to run away; to abscond; to elope
- to flash (of lightning); to streak; to shoot (through; e.g. of pain); to run (through); to flare; to flit (e.g. across one's face); to spread quickly (of news, shock, etc.)
- to go (e.g. bad, to extremes); to become; to turn; to take to (e.g. crime); to get carried away by (e.g. one's emotions); to get involved in; to get wrapped up in
- to run (through; of a road, street, etc.); to extend (e.g. of a mountain range); to stretch; to lie"
お婆ちゃん,おばあちゃん,"- granny; grandma; gran
- old lady; old woman"
寂しい,さびしい,- lonely; lonesome; solitary; desolate
する,する,"- to do; to carry out; to perform
- to cause to become; to make (into); to turn (into)
- to serve as; to act as; to work as
- to wear (clothes, a facial expression, etc.)
- to judge as being; to view as being; to think of as; to treat as; to use as
- to decide on; to choose
- to be sensed (of a smell, noise, etc.)
- to be (in a state, condition, etc.)
- to be worth; to cost
- to pass (of time); to elapse
- to place, or raise, person A to a post or status B
- to transform A to B; to make A into B; to exchange A for B
- to make use of A for B; to view A as B; to handle A as if it were B
- to feel A about B
- verbalizing suffix (applies to nouns noted in this dictionary with the part of speech ""vs"")
- creates a humble verb (after a noun prefixed with ""o"" or ""go"")
- to be just about to; to be just starting to; to try to; to attempt to"
想像,そうぞう,- imagination; supposition; guess
久しぶりに,ひさしぶりに,- after a long time; for the first time in a while
きゃあ,きゃあ,"- yikes!; eek!; ouch!; blech
- ook; eek
- customer"
友達,ともだち,- friend; companion
罪悪感,ざいあくかん,- feelings of guilt
それ,それ,"- that; it
- then; that point (in time); that time
- there
- you"
も,も,"- too; also; in addition; as well; (not) either (in a negative sentence)
- both A and B; A as well as B; neither A nor B (in a negative sentence)
- even; as much as; as many as; as far as; as long as; no less than; no fewer than
- even if; even though; although; in spite of
- further; more; again; another; the other"
だらけ,だらけ,"- full of (e.g. mistakes); riddled with
- covered all over with (blood, mud, etc.)"
まるで,まるで,"- quite; entirely; completely; at all
- as if; as though; just like"
会う,あう,"- to meet; to encounter; to see
- to have an accident; to have a bad experience"
チェック,チェック,"- check; plaid; checkered
- checking; monitoring; looking over; scrutinizing; inspecting
- check (banking); cheque; bill (restaurant)
- check (chess)"
さ,さ,"- -ness
- indicates assertion
- come; come now"
こう,こう,"- in this way; thus; such
- uh..."
何,なに,"- what
- you-know-what; that thing
- whatsit; whachamacallit; what's-his-name; what's-her-name
- (not) at all; (not) in the slightest
- what?; huh?
- hey!
- oh, no (it's fine); why (it's nothing); oh (certainly not)"
全然,ぜんぜん,"- (not) at all; (not) in the slightest
- wholly; entirely; completely; totally
- extremely; very"
ああ,ああ,"- ah!; oh!; alas!
- yes; indeed; that is correct
- aah; gah; argh
- hey!; yo!
- uh huh; yeah yeah; right; gotcha"
握る,にぎる,"- to clasp; to grasp; to grip; to clutch
- to hold (the answer); to have (e.g. the solution); to be the key; to be the reason
- to seize (power); to hold (the reins); to dominate; to control
- to make (nigirizushi, rice ball, etc.); to form (with one's hands); to press into shape; to mold; to mould"
あっ,あっ,"- ah; oh
- hey!"
が,が,"- indicates sentence subject (occasionally object)
- indicates possessive (esp. in literary expressions)
- but; however; still; and
- regardless of; whether (or not)"
最後,さいご,"- end; conclusion
- last; final; latest; most recent
- no sooner than; once; right after (often having negative consequences)
- one's final moments"
覚える,おぼえる,"- to memorize; to memorise; to commit to memory; to learn by heart; to bear in mind; to remember
- to learn; to pick up; to acquire
- to feel
- to think; to regard"
お前,おまえ,"- you
- presence (of a god, nobleman, etc.)"
夢見る,ゆめみる,- to dream (of)
強い,つよい,"- strong; potent; competent; domineering; tough
- strong; brawny; powerful; healthy; rugged
- good (at); skilled; knowledgeable
- being able to handle; know how to deal (with); durable (against); resistant (to); resilient
- firm; rigid; solid
- intense; strong; fierce; high
- dependable; trustworthy"
それでも,それでも,- but (still); and yet; nevertheless; even so; notwithstanding
夜,よる,"- evening; night
- dinner"
親,おや,"- parent; parents; mother and father
- dealer (in cards, mahjong, etc.); banker
- founder; inventor
- (pet) owner
- key; parent (organization); main
- ancestor; forefather"
自分,じぶん,"- myself; yourself; oneself; himself; herself
- I; me
- you"
始め,はじめ,"- beginning; start; outset; opening
- first (in line, etc.)
- origin
- such as ...; not to mention ..."
降りる,おりる,"- to descend (e.g. a mountain); to go down; to come down
- to alight (e.g. from bus); to get off; to disembark; to dismount
- to step down; to retire; to give up; to quit; to fold
- to be granted; to be issued; to be given
- to form (of frost, dew, mist, etc.)
- to be passed (from the body; e.g. of a roundworm)"
存在,そんざい,- existence; being
決心,けっしん,- determination; resolution
今,いま,"- now; the present time; just now; soon; immediately
- another; more"
私,わたし,- I; me
次第に,しだいに,"- gradually (progress into a state)
- in sequence; in order; in turn"
叱る,しかる,- to scold; to chide; to rebuke; to reprimand
ね,ね,"- right?; isn't it?; doesn't it?; don't you?; don't you think?
- hey; say; listen; look; come on
- you know; you see; I must say; I should think
- will you?; please
- so, ...; well, ...; you see, ...; you understand?
- I'm not sure if ...; I have my doubts about whether ..."
そのうち,そのうち,"- before very long; soon; someday; one of these days; sooner or later
- of the previously mentioned; of that number; among them; among others"
中,なか,"- inside; interior
- among; within
- middle; center; centre
- during; while; middle; midst; amid
- interval; gap
- mean; average
- second (of three, e.g. sons, volumes); middle
- medium grade; medium quality
- red-light district"
は,は,"- indicates sentence topic
- indicates contrast with another option (stated or unstated)
- adds emphasis"
でしょう,でしょう,"- it seems; I think; I guess; I wonder
- right?; don't you agree?"
あげる,あげる,"- to raise; to elevate
- to do up (one's hair)
- to fly (a kite, etc.); to launch (fireworks, etc.); to surface (a submarine, etc.)
- to land (a boat)
- to deep-fry
- to show someone (into a room)
- to give
- to send someone (away)
- to enrol (one's child in school); to enroll
- to increase (price, quality, status, etc.); to develop (talent, skill); to improve
- to make (a loud sound); to raise (one's voice)
- to earn (something desirable)
- to praise
- to give (an example, etc.); to cite
- to summon up (all of one's energy, etc.)
- to arrest
- to nominate
- to summon (for geishas, etc.)
- to offer up (incense, a prayer, etc.) to the gods (or Buddha, etc.)
- to bear (a child)
- to conduct (a ceremony, esp. a wedding)
- (of the tide) to come in
- to vomit
- to do for (the sake of someone else)
- to complete ...
- to humbly do ..."
昨日,きのう,- yesterday
必死,ひっし,"- frantic; frenetic; desperate
- inevitable death
- brinkmate (inevitable checkmate)"
家族,かぞく,- family; members of a family
立つ,たつ,"- to stand; to rise; to stand up
- to find oneself (e.g. in a difficult position)
- to depart (on a plane, train, etc.)"
側から,そばから,- as soon as; right after
二回,にかい,- twice
ちっちゃい,ちっちゃい,- tiny; little; wee
仕事,しごと,"- work; job; labor; labour; business; task; assignment; occupation; employment
- work"
また,また,"- again; once more; once again; another time; some other time
- also; too; as well; likewise
- on the other hand; while
- and; in addition; besides; moreover; furthermore
- or; otherwise
- really; how; (what, why) on earth
- indirect"
忙しい,いそがしい,"- busy; occupied; hectic
- restless; hurried; fidgety"
出る,でる,"- to leave; to exit; to go out; to come out; to get out
- to leave (on a journey); to depart; to start out; to set out
- to move forward
- to come to; to get to; to lead to; to reach
- to appear; to come out; to emerge; to surface; to come forth; to turn up; to be found; to be detected; to be discovered; to be exposed; to show; to be exhibited; to be on display
- to appear (in print); to be published; to be announced; to be issued; to be listed; to come out
- to attend; to participate; to take part; to enter (an event); to play in; to perform
- to be stated; to be expressed; to come up; to be brought up; to be raised
- to sell
- to exceed; to go over
- to stick out; to protrude
- to break out; to occur; to start; to originate
- to be produced
- to come from; to be derived from
- to be given; to get; to receive; to be offered; to be provided; to be presented; to be submitted; to be handed in; to be turned in; to be paid
- to answer (phone, door, etc.); to get
- to assume (an attitude); to act; to behave
- to pick up (speed, etc.); to gain
- to flow (e.g. tears); to run; to bleed
- to graduate
- to ejaculate; to cum"
えっ,えっ,- huh?; what's up?
近況,きんきょう,- recent state; present state; present condition; current status; current circumstances
わ,わ,"- indicates emotion or admiration
- indicates emphasis
- I; me
- wah!
- boo!"
会社,かいしゃ,"- company; corporation
- workplace"
綾,あや,"- figure; design
- twill weave; pattern of diagonal stripes
- style (of writing); figure (of speech)
- design; plot; plan
- minor market fluctuation; technical correction
- cat's cradle
- lease rod (in a loom)"
最初,さいしょ,- beginning; outset; first; onset
このところ,このところ,- lately; recently
家,いえ,"- house; residence; dwelling
- family; household
- lineage; family name"
父,ちち,- father
だけ,だけ,"- only; just; merely; simply; no more than; nothing but; alone
- as much as; to the extent of; enough to"
皴,しわ,"- wrinkle; crease
- ripple"
ない,ない,"- nonexistent; not being (there)
- unowned; not had; unpossessed
- unique
- not; impossible; won't happen
- not
- to not be; to have not"
誘う,さそう,"- to invite; to ask (someone to do); to call (for); to take (someone) along
- to tempt; to lure; to entice; to seduce
- to induce (tears, laughter, sleepiness, etc.); to arouse (e.g. sympathy); to provoke"
守る,まもる,"- to protect; to guard; to defend
- to keep (i.e. a promise); to abide (by the rules); to observe; to obey; to follow"
一人で,ひとりで,- alone; by oneself; on one's own
新しい,あたらしい,- new; novel; fresh; recent; latest; up-to-date; modern
あたし,あたし,- I; me
課長,かちょう,- section manager; section chief
きり,きり,"- end; finish; stop
- bounds; limits
- delivery date (of a futures contract)
- finale (of a noh song); end of an act (in jōruri or kabuki); final performance of the day (in vaudeville)
- counter for slices (esp. thick slices); counter for cuts (e.g. fish, meat)
- only; just
- since; after
- remaining (in a particular state)"
怒鳴る,どなる,- to shout (in anger); to yell
見る,みる,"- to see; to look; to watch; to view; to observe
- to examine; to look over; to assess; to check; to judge
- to look after; to attend to; to take care of; to keep an eye on
- to experience; to meet with (misfortune, success, etc.)
- to try ...; to have a go at ...; to give ... a try
- to see (that) ...; to find (that) ..."
言う,いう,"- to say; to utter; to declare
- to name; to call
- to go (e.g. ""the alarm went ping""); to make a noise"
映る,うつる,- to be reflected; to harmonize with (harmonise); to come out (photo); to be projected; to be displayed (on a screen)
として,として,"- as (i.e. in the role of); for (i.e. from the viewpoint of)
- apart from... (used to change the topic)
- even (e.g. ""not even a single person"")
- thinking that...; trying to..."
めく,めく,- to show signs of ...; to have the appearance of ...
さん,さん,"- Mr.; Mrs.; Miss; Ms.; -san
- politeness marker"
もうちょっと,もうちょっと,- a bit more; a bit longer
喜び,よろこび,- joy; delight; rapture; pleasure; gratification; rejoicing; congratulations; felicitations
思う,おもう,"- to think; to consider; to believe; to reckon
- to think (of doing); to plan (to do)
- to judge; to assess; to regard
- to imagine; to suppose; to dream
- to expect; to look forward to
- to feel; to be (in a state of mind); to desire; to want
- to recall; to remember"
こと,こと,"- thing; matter
- incident; occurrence; event; something serious; trouble; crisis
- circumstances; situation; state of affairs
- work; business; affair
- after an inflectable word, creates a noun phrase indicating something the speaker does not feel close to
- nominalizing suffix
- pretending to ...; playing make-believe ...
- alias; also known as; otherwise known as; or
- necessity; need
- you should ...; I advise that you ...; it's important to ..."
忘れる,わすれる,- to forget; to leave carelessly; to be forgetful of; to forget about; to forget (an article)
親友,しんゆう,- close friend; bosom friend; buddy; crony; chum
にも,にも,"- also; too; not ... either; as well; even
- (it's not possible) no matter what; although one might wish otherwise"
駅,えき,"- railway station; train station
- staging post on a highway (in pre-modern Japan)
- counter for railway stations and bus stations"
豪華,ごうか,- extravagant; lavish; opulent; luxurious; magnificent; splendid; fancy; gorgeous
にとって,にとって,- to; for; from the standpoint of; as far as ... is concerned
じゃない,じゃない,"- is not; am not; are not
- isn't it?"
ようになる,ようになる,- to reach the point that; to come to be that; to turn into
いる,いる,"- to be (of animate objects); to exist
- to stay
- to be ...-ing; to have been ...-ing"
真っ赤,まっか,"- bright red; deep red; flushed (of face)
- downright (e.g. lie); complete; utter"
おかしい,おかしい,"- funny; amusing; comical; laughable; ridiculous
- strange; odd; funny; peculiar; weird; unusual; eccentric
- improper; unsuitable; unbecoming
- suspicious"
のに,のに,"- although; despite; even though; and yet
- whereas; while
- if only; I wish
- in order to"
誰,だれ,- who
買う,かう,"- to buy; to purchase
- to value; to have a high opinion
- to stir; to provoke; to draw upon oneself"
し,し,"- and; besides; moreover; what's more; not only ... but also
- because; since
- the thing is; for one thing"
双,そう,- pair
でも,でも,"- but; however; though; nevertheless; still; yet; even so; also; as well
- even
- however; no matter how; even if; even though
- ... or something
- either ... or ...; neither ... nor ...
- pseudo-; quack; in-name-only
- for lack of anything better to do"
どれ,どれ,"- which (of three or more)
- well; now; c'mon"
さえも,さえも,- even
なんて,なんて,- things like; something like; someone like; such a thing as; (the fact) that; to think that
んだ,んだ,- the expectation is that ...; the reason is that ...; the fact is that ...; the explanation is that ...; it is that ...
軽蔑,けいべつ,- scorn; disdain; contempt
すら,すら,- even
だって,だって,"- after all; because
- but
- even
- too; as well; also
- they say; I hear; you mean"
娘,むすめ,"- daughter
- girl (i.e. a young, unmarried woman)"
誓う,ちかう,- to swear; to vow; to take an oath; to pledge
来る,くる,"- to come (spatially or temporally); to approach; to arrive
- to come back; to do ... and come back
- to come to be; to become; to get; to grow; to continue
- to come from; to be caused by; to derive from
- to come to (i.e. ""when it comes to spinach ..."")"
小さい頃,ちいさいころ,- as a child; when one was a child
二人,ふたり,- two persons; two people; pair; couple
疲れる,つかれる,"- to get tired; to tire; to get fatigued; to become exhausted; to grow weary
- to become worn out (of a well-used object)
- to starve"
連れてくる,つれてくる,- to bring someone along
よ,よ,"- hey; you
- hey
- hey; hold on
- yo; hey"
わあ,わあ,"- wow!; oh!; eek!; gee!
- yeah!; alright!; hurray!
- waah!; boohoo!"
今日,きょう,"- today; this day
- these days; recently; nowadays"
悪口,わるぐち,- slander; bad-mouthing; abuse; insult; speaking ill (of)
平凡,へいぼん,- ordinary; common; commonplace; mediocre; unremarkable; undistinguished; uneventful
嘘,うそ,"- lie; fib; falsehood; untruth
- mistake; error
- unwise move; bad decision
- no way!; unbelievable!; really?!"