"1006380"	"76748642"	"ずっと"	"ずっと"	"- continuously in some state (for a long time, distance); throughout; all along; the whole time; all the way
- much (better, etc.); by far; far and away
- far away; long ago
- direct; straight"	"[""due""]"	"200"	""	"1739093189"	"[1]"
"1773770"	"4277552787"	"吊革"	"つりかわ"	"- strap (to hang onto)"	"[""learning""]"	"65000"	"1"	"1739173778"	"[2]"
"1576870"	"1737293690"	"俺"	"おれ"	"- I; me"	"[""known""]"	"500"	"4"	"1743725876"	"[1]"
"1157150"	"2206348515"	"ために"	"ために"	"- for; for the sake of; to one's advantage; in favor of; in favour of; on behalf of
- because of; as a result of"	"[""due""]"	"400"	""	"1738888587"	"[1]"
"2845565"	"3689013000"	"はーい"	"はーい"	"- understood; I see; OK; okay
- present; here"	"[""learning""]"	"3600"	"1"	"1739213808"	"[1]"
"1423000"	"2035433959"	"着る"	"きる"	"- to wear (in modern Japanese, from the shoulders down); to put on
- to bear (guilt, etc.)"	"[""known""]"	"700"	"3"	"1740385086"	"[1]"
"1004320"	"3053062970"	"こういう"	"こういう"	"- such; this sort of; like this"	"[""locked"" ""due""]"	"400"	""	""	"[1]"
"2029010"	"2204186150"	"を"	"を"	"- indicates direct object of action
- indicates subject of causative expression
- indicates an area traversed
- indicates time (period) over which action takes place
- indicates point of departure or separation of action
- indicates object of desire, like, hate, etc."	"[""blacklisted""]"	"100"	""	""	"[20]"
"1290900"	"915148789"	"左手"	"ひだりて"	"- left hand
- left-hand side; left-hand direction; (on) the left"	"[""learning""]"	"2000"	"1"	"1739211983"	"[1]"
"2780660"	"3723462732"	"もん"	"もん"	"- indicates reason or excuse
- indicates dissatisfaction; indicates desire to be pampered or indulged"	"[""known""]"	"700"	"4"	"1742992670"	"[1]"
"1353260"	"3589873971"	"上司"	"じょうし"	"- (one's) superior; (one's) boss; the higher-ups"	"[""due""]"	"4200"	""	"1738857436"	"[1]"
"1396130"	"818873351"	"全部"	"ぜんぶ"	"- all; entire; whole; altogether"	"[""known""]"	"600"	"3"	"1740887112"	"[1]"
"1017760"	"1313246395"	"アパート"	"アパート"	"- apartment building; apartment block; apartment house
- apartment"	"[""known""]"	"5000"	"3"	"1740468204"	"[1]"
"2086960"	"2379595516"	"って"	"って"	"- you said; he said; she said; they said
- if ... then
- do you seriously think that
- I already told you; you should know by now that; of course
- the said ...; said ...
- says that ...
- I hear that ...
- as for the term ...
- as for ..."	"[""blacklisted""]"	"100"	""	""	"[6]"
"1443840"	"3633371468"	"電話"	"でんわ"	"- telephone call; phone call
- telephone (device); phone"	"[""due""]"	"1500"	""	"1738877977"	"[1]"
"2830440"	"3979977126"	"あなたたち"	"あなたたち"	"- you (plural)"	"[""due""]"	"3300"	""	"1738858781"	"[3]"
"1407460"	"1113385814"	"多い"	"おおい"	"- many; numerous; a lot
- large amount of; large quantity of; a lot; much
- frequent; common"	"[""known""]"	"300"	"3"	"1740360951"	"[1]"
"1167610"	"4002800222"	"溢れる"	"あふれる"	"- to overflow; to brim over; to flood"	"[""due""]"	"3100"	""	"1738913073"	"[1]"
"2115580"	"602839151"	"どうかな"	"どうかな"	"- how about ...?
- I wonder; I don't know"	"[""known""]"	"3500"	"2"	"1739413623"	"[1]"
"1409140"	"1737569915"	"体"	"からだ"	"- body
- torso; trunk
- build; physique; frame; figure
- health; constitution
- corpse; dead body"	"[""known""]"	"300"	"3"	"1740906295"	"[1]"
"1219510"	"2426907732"	"嬉しい"	"うれしい"	"- happy; glad; pleased; delighted; overjoyed
- joyful; delightful; gratifying; pleasant"	"[""due""]"	"1300"	""	"1738985765"	"[2]"
"1003400"	"1597576849"	"きちんと"	"きちんと"	"- properly; accurately; exactly; precisely; regularly
- neatly; tidily; orderly"	"[""due""]"	"1800"	""	"1738914772"	"[1]"
"1200110"	"1416491721"	"快調"	"かいちょう"	"- good (condition); going well; fine; smooth"	"[""due""]"	"33400"	""	"1738887422"	"[1]"
"1594060"	"1364121458"	"幸せ"	"しあわせ"	"- happiness; good fortune; luck; blessing"	"[""known""]"	"700"	"3"	"1739672000"	"[1]"
"1405790"	"2828738887"	"続く"	"つづく"	"- to continue; to last; to go on
- to continue (without a break); to be unbroken
- to occur again and again
- to lead to; to connect to; to adjoin
- to come after; to follow; to succeed; to rank next to
- to hold out; to keep; to last"	"[""known""]"	"400"	"3"	"1740962311"	"[1]"
"1532020"	"1267596406"	"命綱"	"いのちづな"	"- lifeline; safety rope; safety tether"	"[""due""]"	"23400"	""	"1738848264"	"[1]"
"1554860"	"21868478"	"力を入れる"	"ちからをいれる"	"- to put effort into; to strain; to put strength into; to put forth effort"	"[""due""]"	"4600"	""	"1739087342"	"[1]"
"1597180"	"3360924379"	"偶々"	"たまたま"	"- occasionally; once in a while; seldom
- casually; unexpectedly; accidentally; by chance"	"[""known""]"	"36300"	"3"	"1739806683"	"[1]"
"1538960"	"953307676"	"ただいま"	"ただいま"	"- here I am; I'm home!
- presently; right away; right now; just now"	"[""known""]"	"1900"	"3"	"1739873826"	"[1]"
"1004200"	"2822477275"	"けど"	"けど"	"- but; however; although"	"[""known""]"	"500"	"4"	"1742941647"	"[4]"
"1318680"	"3189776031"	"自慢"	"じまん"	"- pride; boast"	"[""due""]"	"2200"	""	"1738902929"	"[1]"
"2098240"	"1930882295"	"ではある"	"ではある"	"- to be (in contrast to something that is not the case)"	"[""due""]"	"600"	""	"1738987574"	"[1]"
"1600240"	"1240013827"	"年齢"	"ねんれい"	"- age; years"	"[""known""]"	"2000"	"2"	"1739338544"	"[2]"
"1597350"	"511904777"	"だんだん"	"だんだん"	"- gradually; by degrees; little by little; more and more; increasingly
- steps; stairs; staircase; terrace"	"[""due""]"	"2400"	""	"1738862529"	"[2]"
"1553660"	"2749157358"	"両手"	"りょうて"	"- both hands; both arms
- ten"	"[""due""]"	"1400"	""	"1739096618"	"[1]"
"1436510"	"3936344121"	"ほど"	"ほど"	"- extent; degree; measure
- limit; bounds
- (span of) time
- (a) distance
- the state of; the status of; the condition of
- about; around; approximately; or so
- as much as ...; to the extent of ...; like ...
- the more ... the more ..."	"[""known""]"	"200"	"3"	"1739836419"	"[1]"
"1310730"	"1521963167"	"死ぬ"	"しぬ"	"- to die; to pass away
- to lose spirit; to lose vigor; to look dead
- to cease; to stop"	"[""known""]"	"200"	"3"	"1740904270"	"[1]"
"1374940"	"3681433119"	"制服"	"せいふく"	"- uniform"	"[""due""]"	"1800"	""	"1738965521"	"[1]"
"1594530"	"2718889827"	"終い"	"しまい"	"- end; close; finish; termination"	"[""due""]"	"25700"	""	"1739087747"	"[1]"
"1360010"	"2923483838"	"寝る"	"ねる"	"- to sleep (lying down)
- to go to bed; to lie in bed
- to lie down
- to sleep (with someone, i.e. have intercourse)
- to lie flat (e.g. of hair)
- to lie idle (of funds, stock, etc.)
- to ferment (of soy sauce, miso, etc.)"	"[""known""]"	"600"	"4"	"1744374455"	"[1]"
"2819970"	"319698941"	"だった"	"だった"	"- was; were"	"[""blacklisted""]"	"100"	""	""	"[2]"
"2547920"	"2528465764"	"その頃"	"そのころ"	"- at that time; in those days; at that moment; then"	"[""due""]"	"4000"	""	"1738995263"	"[1]"
"1595730"	"324644621"	"全て"	"すべて"	"- everything; all; the whole
- entirely; completely; wholly; all"	"[""known""]"	"1400"	"3"	"1741348031"	"[1]"
"1556370"	"1088477852"	"例えば"	"たとえば"	"- for example; for instance; e.g."	"[""known""]"	"1900"	"2"	"1739338091"	"[1]"
"1587850"	"30178754"	"色々"	"いろいろ"	"- various; all sorts of; variety of
- various colors (colours)"	"[""known""]"	"1400"	"4"	"1742599013"	"[2]"
"1427510"	"65229855"	"喋る"	"しゃべる"	"- to talk; to chat; to chatter"	"[""known""]"	"3100"	"3"	"1740216219"	"[1]"
"1348870"	"3329188668"	"少し"	"すこし"	"- small quantity; little; few; something
- little while
- short distance"	"[""known""]"	"200"	"4"	"1744351482"	"[1]"
"1309260"	"18274147"	"思い出す"	"おもいだす"	"- to recall; to remember; to recollect"	"[""locked"" ""due""]"	"500"	""	""	"[2]"
"1006730"	"4250210705"	"そして"	"そして"	"- and; and then; thus; and now; and finally"	"[""due""]"	"100"	""	"1738863820"	"[1]"
"1542730"	"493060624"	"夕食"	"ゆうしょく"	"- evening meal; dinner"	"[""due""]"	"3300"	""	"1739002744"	"[1]"
"2028990"	"2204742950"	"に"	"に"	"- at (place, time); in; on; during
- to (direction, state); toward; into
- for (purpose)
- because of (reason); for; with
- by; from
- as (i.e. in the role of)
- per; in; for; a (e.g. ""once a month"")
- and; in addition to
- if; although"	"[""blacklisted""]"	"100"	""	""	"[21]"
"1008930"	"1138750190"	"どうしたの"	"どうしたの"	"- what's the matter?; what's wrong?
- what happened (to) ...?; what have you done (with) ...?; where is ...?"	"[""known""]"	"800"	"4"	"1740975501"	"[1]"
"1486290"	"2617282143"	"眉間"	"みけん"	"- brow; glabella; middle forehead; area between the eyebrows"	"[""due""]"	"4100"	""	"1738909206"	"[1]"
"2006580"	"1960667060"	"気"	"げ"	"- seeming; giving the appearance of; giving one the feeling of"	"[""due""]"	"1300"	""	"1739079548"	"[1]"
"1462470"	"4116716234"	"二人とも"	"ふたりとも"	"- both (people)"	"[""known""]"	"1900"	"2"	"1739419574"	"[1]"
"1589780"	"3791296349"	"替える"	"かえる"	"- to replace
- to exchange; to interchange
- to substitute"	"[""due""]"	"6700"	""	"1739095004"	"[1]"
"1358490"	"1110053637"	"食事"	"しょくじ"	"- meal; dinner
- diet"	"[""known""]"	"800"	"3"	"1740169836"	"[1]"
"1012480"	"3723549732"	"もう"	"もう"	"- now; soon; shortly; before long; presently
- already; yet; by now; (not) anymore
- further; more; again; another; the other
- tsk; dammit; jeez; come on; what the hell"	"[""known""]"	"100"	"4"	"1744368570"	"[4]"
"1210360"	"11763711"	"寒い"	"さむい"	"- cold (e.g. weather)
- uninteresting (esp. joke); lame; dull; weak; corny"	"[""known""]"	"1200"	"3"	"1741079449"	"[3]"
"1195970"	"1414947448"	"すぎる"	"すぎる"	"- to pass through; to pass by; to go beyond
- to pass (of time); to elapse
- to have expired; to have ended; to be over
- to exceed; to surpass; to be above
- to be no more than ...
- to be excessive; to be too much; to be too ..."	"[""redundant"" ""known""]"	"300"	""	""	"[1]"
"1604890"	"1831216715"	"目"	"め"	"- eye; eyeball
- eyesight; sight; vision
- look; stare; gaze; glance
- notice; attention; observation; eyes (of the world, public, etc.)
- an experience
- viewpoint
- discrimination; discernment; judgement; eye (e.g. for quality)
- appearance
- chance to succeed; possibility
- spacing (between crossed strands of a net, mesh, etc.); opening; stitch; texture; weave
- grain (of wood)
- eye (of a storm, needle, etc.)
- intersection (on a go board); square (on a chess board)
- dot (on a dice); pip; rolled number
- graduation; division (of a scale)
- tooth (of a saw, comb, etc.)
- ordinal number suffix
- somewhat; -ish
- point (e.g. of change)"	"[""known""]"	"200"	"4"	"1743043528"	"[1]"
"1483190"	"1281659954"	"悲しい"	"かなしい"	"- sad; miserable; unhappy; sorrowful
- sad; lamentable; deplorable; grievous"	"[""due""]"	"1100"	""	"1738878540"	"[1]"
"1591990"	"1376747224"	"気をつける"	"きをつける"	"- to be careful; to pay attention; to take care"	"[""locked"" ""due""]"	"1200"	""	""	"[1]"
"1270590"	"1445326988"	"ご飯"	"ごはん"	"- cooked rice
- meal"	"[""known""]"	"2100"	"3"	"1740462146"	"[1]"
"1342550"	"1568889729"	"初めて"	"はじめて"	"- for the first time
- only after ... is it ...; only when ... do you ...; not until ... do you ...
- first time; (one's) first"	"[""known""]"	"300"	"2"	"1739846563"	"[2]"
"1527110"	"3145968539"	"まだ"	"まだ"	"- still; as yet; only
- (not) yet
- more; (more) still
- at least; comparatively; relatively
- unfinished; incomplete; not yet done"	"[""known""]"	"100"	"2"	"1739427868"	"[1]"
"1463770"	"1955678045"	"日"	"ひ"	"- day; days
- sun; sunshine; sunlight
- (the) day; daytime; daylight
- date; deadline
- (past) days; time (e.g. of one's childhood)
- case (esp. unfortunate); event"	"[""known""]"	"300"	"4"	"1742044393"	"[3]"
"1461160"	"1421149719"	"二つ"	"ふたつ"	"- two"	"[""known""]"	"1500"	"3"	"1740270407"	"[1]"
"2213050"	"2809475724"	"見にくる"	"みにくる"	"- to come and see (someone, something); to visit"	"[""due""]"	"18700"	""	"1739034320"	"[1]"
"1597890"	"3991669848"	"作る"	"つくる"	"- to make; to produce; to manufacture; to build; to construct
- to prepare (food); to brew (alcohol)
- to raise; to grow; to cultivate; to train
- to till
- to draw up (a document); to make out; to prepare; to write
- to create (an artistic work, etc.); to compose
- to coin (a phrase); to organize; to organise; to establish; to found
- to have (a child)
- to make up (one's face, etc.)
- to fabricate (an excuse, etc.)
- to give a (false) appearance; to feign (a smile, etc.); to put on a show of emotion
- to form (a line, etc.)
- to set (a record)
- to commit (a sin, etc.)"	"[""known""]"	"200"	"3"	"1740338538"	"[1]"
"2019590"	"3701635713"	"へえ"	"へえ"	"- oh, yes?; really?"	"[""blacklisted""]"	"1700"	""	""	"[1]"
"2827740"	"2607912004"	"叶うことなら"	"かなうことなら"	"- if possible; if it is in my power; if it was realistic"	"[""due""]"	"67300"	""	"1738834253"	"[1]"
"1002650"	"149025526"	"お母さん"	"おかあさん"	"- mother; mom; mum; ma
- wife"	"[""known""]"	"1400"	"3"	"1741585517"	"[3]"
"1544730"	"1494443535"	"与える"	"あたえる"	"- to give (esp. to someone of lower status); to bestow; to grant; to confer; to present; to award
- to provide; to afford; to offer; to supply
- to assign
- to cause
- to pass (a variable to a function)"	"[""due""]"	"400"	""	"1738913374"	"[1]"
"1171120"	"1125737812"	"右手"	"みぎて"	"- right hand
- right-hand side; right-hand direction; (on) the right"	"[""due""]"	"1600"	""	"1738882844"	"[2]"
"1482010"	"2644507070"	"飯"	"めし"	"- cooked rice
- meal; food
- one's living; livelihood"	"[""due""]"	"2700"	""	"1738946598"	"[1]"
"1012730"	"3736779026"	"やがて"	"やがて"	"- before long; soon; shortly
- almost; nearly
- finally; in the end; eventually"	"[""due""]"	"1400"	""	"1738930512"	"[1]"
"1554310"	"1271508591"	"料理"	"りょうり"	"- cooking; cookery; cuisine; meal; food; dish; item on a menu
- dealing with something; handling; administration; management"	"[""known""]"	"800"	"3"	"1741353298"	"[1]"
"1223615"	"2892243882"	"あなた"	"あなた"	"- you
- dear; honey"	"[""known""]"	"200"	"4"	"1743816490"	"[8]"
"2127970"	"2993321301"	"持ち替える"	"もちかえる"	"- to change way one holds something; to transfer something from one hand to the other"	"[""due""]"	"20700"	""	"1738841030"	"[1]"
"1469390"	"3403727178"	"念願"	"ねんがん"	"- one's heart's desire; one's dearest wish"	"[""due""]"	"13800"	""	"1738834135"	"[1]"
"1012790"	"3222183168"	"やってくる"	"やってくる"	"- to come along; to come around; to turn up
- to arrive at the present; to get where one is; to have been doing something (for a period of time)"	"[""due""]"	"800"	""	"1739009151"	"[1]"
"1366770"	"3952592753"	"人間"	"にんげん"	"- human being; human; person; man; mankind; humankind
- character (of a person)"	"[""known""]"	"200"	"3"	"1741510447"	"[1]"
"1578850"	"895804024"	"いく"	"いく"	"- to go; to move (in a direction or towards a specific location); to head (towards); to be transported (towards); to reach
- to proceed; to take place
- to pass through; to come and go
- to walk
- to die; to pass away
- to do (in a specific way)
- to stream; to flow
- to continue
- to have an orgasm; to come; to cum
- to trip; to get high; to have a drug-induced hallucination"	"[""redundant"" ""known""]"	"100"	""	""	"[2]"
"1613340"	"1179268852"	"一人暮らし"	"ひとりぐらし"	"- living by oneself; living alone"	"[""known""]"	"9600"	"2"	"1739333113"	"[2]"
"1375610"	"4283029021"	"なる"	"なる"	"- to become; to get; to grow; to turn; to reach; to attain
- to result in; to turn out; to end up; to prove (to be)
- to consist of; to be composed of; to be made up of
- to be completed; to be realized; to succeed; to be attained; to be accomplished
- to change (into); to turn (into); to transform
- to come (to do); to begin (to do); to grow (to do)
- to come to; to amount to; to add up to; to make
- to play (the part of); to act as
- to be used for; to be useful for; to serve as
- to be promoted
- to do ..."	"[""known""]"	"100"	"4"	"1742704762"	"[8]"
"2028970"	"2204756870"	"か"	"か"	"- indicates a question
- or; whether or not
- some- (e.g. something, someone)
- hmm; huh
- very
- -al; -ial; -ic; -ical; -ish; -y
- in that way"	"[""blacklisted""]"	"100"	""	""	"[3]"
"2028980"	"2204748170"	"で"	"で"	"- at; in
- at; when
- by; with
- and then; so
- and; then
- let me tell you; don't you know"	"[""blacklisted""]"	"100"	""	""	"[9]"
"2034320"	"1088913322"	"きっかけに"	"きっかけに"	"- with ... as a start; taking advantage of; inspired by"	"[""due""]"	"6000"	""	"1738911111"	"[1]"
"1587610"	"1718946695"	"嫌"	"いや"	"- disagreeable; detestable; unpleasant; reluctant"	"[""known""]"	"600"	"4"	"1739628489"	"[1]"
"1525680"	"3145970714"	"まで"	"まで"	"- until (a time); till; to; up to
- to (a place or person); as far as
- to (an extent); up to; so far as; even
- only; merely"	"[""known""]"	"100"	"3"	"1739637320"	"[1]"
"1588120"	"3704222458"	"歌う"	"うたう"	"- to sing
- to sing (one's praises in a poem, etc.); to compose a poem; to recite a poem"	"[""known""]"	"1900"	"2"	"1739335284"	"[1]"
"1347750"	"2670002960"	"小さい"	"ちいさい"	"- small; little; tiny
- slight; below average (in degree, amount, etc.); minor; small
- low (e.g. sound); soft (e.g. voice)
- unimportant; petty; insignificant; trifling; trivial
- young; juvenile"	"[""due""]"	"400"	""	"1738877212"	"[1]"
"1372800"	"4218971915"	"ずいぶん"	"ずいぶん"	"- very; extremely; surprisingly; considerably; awfully; terribly
- terrible; horrid; contemptible; reprehensible
- remarkable; extraordinary"	"[""known""]"	"1600"	"2"	"1739425043"	"[1]"
"2029110"	"2204743385"	"な"	"な"	"- don't
- do
- hey; listen; you
- now, ...; well, ...; I tell you!; you know
- wow; ooh"	"[""blacklisted""]"	"100"	""	""	"[3]"
"1196000"	"2420230704"	"過ごす"	"すごす"	"- to pass (time); to spend
- to overdo (esp. of one's alcohol consumption); to drink (alcohol)
- to take care of; to support
- to overdo; to do too much
- to ... without acting on it"	"[""due""]"	"900"	""	"1738984227"	"[1]"
"1414150"	"1010832759"	"大丈夫"	"だいじょうぶ"	"- safe; secure; sound; problem-free; without fear; all right; alright; OK; okay
- certainly; surely; undoubtedly
- no thanks; I'm good; that's alright
- great man; fine figure of a man"	"[""known""]"	"500"	"5"	"1749065131"	"[1]"
"1188890"	"4042077842"	"いつも"	"いつも"	"- always; all the time; at all times
- never
- usual; regular; habitual; customary"	"[""known""]"	"200"	"4"	"1743398265"	"[1]"
"1344970"	"1255432260"	"女の子"	"おんなのこ"	"- girl; daughter; baby girl
- young woman"	"[""due""]"	"600"	""	"1739017456"	"[1]"
"1229840"	"1833911624"	"泣く"	"なく"	"- to cry; to weep; to sob; to howl"	"[""due""]"	"600"	""	"1738874735"	"[1]"
"1203250"	"1717622990"	"外"	"そと"	"- outside; exterior
- the open (air)
- other place; somewhere else; outside one's group (family, company, etc.)"	"[""known""]"	"300"	"3"	"1740310870"	"[1]"
"1000420"	"2008528737"	"あの"	"あの"	"- that; those; the"	"[""known""]"	"100"	"4"	"1744152366"	"[1]"
"2819990"	"3698328794"	"じゃないか"	"じゃないか"	"- isn't it?
- let's ...; why don't we ...; how about we ...; shouldn't we ..."	"[""due""]"	"500"	""	"1738989595"	"[1]"
"1469800"	"2204745125"	"の"	"の"	"- indicates possessive
- nominalizes verbs and adjectives
- substitutes for ""ga"" in subordinate phrases
- (at sentence-end, falling tone) indicates a confident conclusion
- (at sentence-end) indicates emotional emphasis
- (at sentence-end, rising tone) indicates question"	"[""blacklisted""]"	"100"	""	""	"[33]"
"1415870"	"3474996666"	"沢山"	"たくさん"	"- a lot; lots; plenty; many; a large number; much; a great deal; a good deal
- enough; sufficient
- enough; too many; too much"	"[""known""]"	"4100"	"2"	"1739332614"	"[1]"
"2013800"	"229997035"	"じゃう"	"じゃう"	"- to do completely
- to do accidentally; to do without meaning to; to happen to do"	"[""due""]"	"4900"	""	"1738941088"	"[1]"
"1315840"	"1953013670"	"時"	"とき"	"- time; hour; moment
- occasion; case
- chance; opportunity; season
- the times; the age; the day
- tense"	"[""known""]"	"200"	"4"	"1745842639"	"[1]"
"1379640"	"1846233005"	"盛り"	"さかり"	"- height (e.g. of summer); peak (e.g. of cherry blossom season); (in) season; full bloom; full swing (of a party, etc.)
- prime (of one's life); (one's) best days; bloom
- (being in) heat; rut"	"[""due""]"	"38100"	""	"1738981804"	"[1]"
"1002590"	"690426107"	"お父さん"	"おとうさん"	"- father; dad; papa; pa; pop; daddy; dada
- husband
- you; he; him"	"[""known""]"	"1400"	"3"	"1741015642"	"[15]"
"1177800"	"3643128751"	"遠い"	"とおい"	"- far; distant; far away; a long way off; in the distance
- distant (past); remote (in time); remote; far-removed (in time)
- distant (relationship or kinship); having little to do (with someone)
- far (from something else in quality, degree, etc.); not similar; way off
- hard (of hearing)
- nearsighted"	"[""known""]"	"900"	"3"	"1741382254"	"[1]"
"1296400"	"2007970197"	"ある"	"ある"	"- to be; to exist; to live
- to have
- to be located
- to be equipped with
- to happen; to come about"	"[""known""]"	"100"	"5"	"1748110815"	"[1]"
"2215430"	"3242553423"	"には"	"には"	"- to; for; on; in; at
- in order to; for
- as for; regarding
- while it is (was) the case that ...; indeed ... (but); certainly ... (but)"	"[""blacklisted""]"	"100"	""	""	"[1]"
"1358280"	"1232985445"	"食べる"	"たべる"	"- to eat
- to live on (e.g. a salary); to live off; to subsist on"	"[""known""]"	"200"	"5"	"1749248474"	"[1]"
"1305380"	"1109988858"	"しまう"	"しまう"	"- to finish; to stop; to end; to put an end to; to bring to a close
- to close (a business, etc.); to close down; to shut down; to shut up
- to put away; to put back; to keep; to store
- to do completely; to finish
- to do accidentally; to do without meaning to; to happen to do"	"[""known""]"	"100"	"3"	"1741526888"	"[3]"
"1367800"	"3581260223"	"人参"	"にんじん"	"- carrot (Daucus carota)
- Asian ginseng (Panax ginseng)"	"[""due""]"	"22400"	""	"1738852321"	"[1]"
"1007660"	"3936899956"	"ちゃん"	"ちゃん"	"- suffix for familiar person"	"[""known""]"	"500"	"4"	"1743418443"	"[8]"
"5082983"	"3164594586"	"ミー"	"ミー"	"- Mee"	"[""blacklisted""]"	"102700"	""	""	"[5]"
"1203260"	"3936329331"	"ほか"	"ほか"	"- other (place, thing, person); the rest; et al.
- outside; beyond
- nothing except; nothing but; nothing apart from; nothing aside from; no choice (but to)
- besides...; in addition to..."	"[""redundant"" ""known""]"	"1300"	""	""	"[1]"
"1535180"	"12656754"	"目を瞑る"	"めをつぶる"	"- to shut one's eyes
- to ignore; to pretend not to know
- to die"	"[""due""]"	"8700"	""	"1738958027"	"[1]"
"2089020"	"2204745995"	"だ"	"だ"	"- be; is
- did; (have) done
- please; do"	"[""blacklisted""]"	"100"	""	""	"[9]"
"1315920"	"2373481574"	"時間"	"じかん"	"- time
- hour
- period; class; lesson"	"[""known""]"	"200"	"3"	"1741052009"	"[1]"
"1588880"	"252433372"	"大きい"	"おおきい"	"- big; large; great
- loud
- extensive; spacious
- important; decisive; valuable
- older; grown up"	"[""known""]"	"300"	"3"	"1741531401"	"[1]"
"1430620"	"1996973681"	"すぐに"	"すぐに"	"- immediately; right away; at once; instantly"	"[""known""]"	"300"	"3"	"1740805951"	"[1]"
"1416840"	"101035606"	"誰か"	"だれか"	"- someone; somebody"	"[""known""]"	"300"	"3"	"1741015695"	"[1]"
"2231160"	"960835850"	"お互いに"	"おたがいに"	"- mutually; with each other; reciprocally; together; both"	"[""locked"" ""due""]"	"2600"	""	""	"[1]"
"1005900"	"3310977855"	"じゃ"	"じゃ"	"- then; well; so; well then
- be; is"	"[""blacklisted""]"	"500"	""	""	"[1]"
"1001090"	"1198050081"	"うん"	"うん"	"- yes; yeah; uh huh
- hum; hmmm; well; erm; huh?
- oof"	"[""known""]"	"500"	"4"	"1744763297"	"[1]"
"1452510"	"4176350286"	"同時に"	"どうじに"	"- coincident with; while; simultaneously"	"[""locked"" ""due""]"	"800"	""	""	"[1]"
"1005110"	"1964088154"	"さあ"	"さあ"	"- come; come now; come along; go on; hurry up
- well; who knows; I don't know...; uh; hmm
- well now; let's see; there we go; all right
- about that; you see"	"[""known""]"	"700"	"4"	"1743915337"	"[1]"
"1861770"	"1113388859"	"多く"	"おおく"	"- many; much; plenty; a lot
- majority (of); greater part (of)
- mostly; mainly; chiefly; usually; often"	"[""due""]"	"900"	""	"1738882388"	"[1]"
"1561150"	"2844275868"	"老齢"	"ろうれい"	"- advanced age; senility"	"[""due""]"	"23800"	""	"1739052717"	"[1]"
"1320230"	"3512917968"	"失礼"	"しつれい"	"- discourtesy; impoliteness
- excuse me; goodbye
- to leave
- to be rude"	"[""locked"" ""due""]"	"700"	""	""	"[1]"
"1007240"	"2192457801"	"たっぷり"	"たっぷり"	"- full; in plenty; ample"	"[""due""]"	"2000"	""	"1738834542"	"[1]"
"1523060"	"3724462616"	"本当"	"ほんとう"	"- truth; reality; actuality; fact
- proper; right; correct; official
- genuine; authentic; real; natural; veritable"	"[""known""]"	"200"	"3"	"1740355916"	"[1]"
"1420470"	"2987388496"	"知る"	"しる"	"- to be aware of; to know; to be conscious of; to cognize; to cognise
- to notice; to feel
- to understand; to comprehend; to grasp
- to remember; to be acquainted with (a procedure)
- to experience; to go through; to learn
- to be acquainted with (a person); to get to know
- to concern"	"[""known""]"	"100"	"2"	"1739468500"	"[1]"
"1005870"	"936814896"	"じっと"	"じっと"	"- motionlessly (e.g. stand, wait); (be) still
- fixedly (e.g. gaze, stare); intently (e.g. listen, think)
- patiently (endure); stoically
- firmly (e.g. hold); restrained"	"[""due""]"	"1500"	""	"1739028210"	"[1]"
"1002980"	"3657104650"	"から"	"から"	"- from (e.g. time, place, numerical quantity); since
- from (originator); by
- because; since
- out of (constituent, part)
- through (e.g. window, vestibule)
- after; since
- expresses sympathy or warning"	"[""blacklisted""]"	"100"	""	""	"[1]"
"1006830"	"3896837630"	"その"	"その"	"- that; the
- part (as in ""part two"")
- um ...; er ...; uh ..."	"[""known""]"	"100"	"3"	"1740380174"	"[1]"
"1513065"	"634380898"	"お弁当"	"おべんとう"	"- bento; Japanese box lunch"	"[""known""]"	"4000"	"2"	"1739353906"	"[1]"
"1352130"	"1737111425"	"上"	"うえ"	"- above; up; over; elder (e.g. daughter)
- top; summit; head (e.g. of a staircase)
- surface
- before; previous
- superiority; one's superior; one's elder
- on top of that; besides; what's more; not only ... but
- upon (further inspection, etc.); based on (and occurring after)
- matters concerning ...; as concerns ...
- since (i.e. ""for that reason"")
- honorable; venerable
- place of one's superior (e.g. the throne)
- emperor; sovereign; shogun; daimyo
- noblewoman (esp. the wife of a nobleman)"	"[""known""]"	"200"	"3"	"1740876684"	"[1]"
"2005860"	"2596325043"	"もう一度"	"もういちど"	"- once more; again"	"[""known""]"	"700"	"3"	"1740353558"	"[1]"
"2137720"	"3896848070"	"そう"	"そう"	"- in that way; thus; such
- so
- so?"	"[""known""]"	"100"	"3"	"1739551359"	"[1]"
"2119750"	"1375180347"	"なんだ"	"なんだ"	"- what!; oh
- what the heck; what the; damn"	"[""due""]"	"500"	""	"1738886066"	"[1]"
"1467640"	"1827755855"	"猫"	"ねこ"	"- cat (esp. the domestic cat, Felis catus)
- shamisen
- geisha
- wheelbarrow
- clay bed-warmer
- bottom; submissive partner of a homosexual relationship"	"[""known""]"	"1600"	"4"	"1745575655"	"[1]"
"1012980"	"4075472354"	"やる"	"やる"	"- to do; to undertake; to perform; to play (a game); to study
- to send; to dispatch; to despatch
- to put; to move; to turn (one's head, glance, etc.)
- to give (esp. to someone of equal or lower status); to let have; to present; to bestow; to confer
- to make (a vehicle) go faster
- to run (a business); to keep; to be engaged in; to practice (law, medicine, etc.); to practise
- to have (food, drink, etc.); to eat; to drink; to smoke
- to hold (a performance); to perform; to show
- to ease (one's mind)
- to harm; to injure; to kill
- to have sex with
- to live; to get by; to get along
- to do ... completely
- to do ... broadly; to do ... to a great distance
- to do ... for (someone of equal or lower status); to do ... to
- to make active efforts to ..."	"[""known""]"	"100"	"3"	"1740203417"	"[1]"
"1483150"	"3487075016"	"彼女"	"かのじょ"	"- she; her
- girlfriend"	"[""known""]"	"500"	"2"	"1740450787"	"[1]"
"2016410"	"1681916173"	"みたい"	"みたい"	"- -like; sort of; similar to; resembling"	"[""due""]"	"500"	""	"1739100477"	"[3]"
"1375790"	"651044232"	"成長"	"せいちょう"	"- growth; development; growing up; becoming an adult
- growth (of a company, the economy, etc.)"	"[""due""]"	"1200"	""	"1738887776"	"[1]"
"1527150"	"1249968269"	"まだまだ"	"まだまだ"	"- still; much more; (not) yet
- still a long way to go; still a long way off; not there yet"	"[""due""]"	"1100"	""	"1738945545"	"[1]"
"1270670"	"3010900189"	"ごめん"	"ごめん"	"- I'm sorry; my apologies; excuse me; pardon me
- may I come in?
- permission; leave; license
- dismissal; discharge
- not wanting; objecting to; being fed up with; wishing to avoid"	"[""known""]"	"600"	"4"	"1743319282"	"[1]"
"1260720"	"3786414207"	"元気"	"げんき"	"- lively; full of spirit; energetic; vigorous; vital; spirited
- healthy; well; fit; in good health"	"[""known""]"	"400"	"3"	"1740404379"	"[3]"
"1242160"	"1490309084"	"近く"	"ちかく"	"- near; neighbourhood; neighborhood; vicinity
- nearly (e.g. ""it took nearly one year""); close to
- shortly; soon"	"[""known""]"	"400"	"3"	"1740868052"	"[2]"
"1004890"	"1637177255"	"こんなに"	"こんなに"	"- so; like this; in this way"	"[""due""]"	"600"	""	"1738856347"	"[1]"
"2425930"	"4283573641"	"なの"	"なの"	"- that's the way it is; yes
- is that so?; is it?"	"[""due""]"	"100"	""	"1739088799"	"[1]"
"1331670"	"402491829"	"就職"	"しゅうしょく"	"- finding employment; getting a job"	"[""due""]"	"6300"	""	"1738879997"	"[1]"
"1640810"	"2966459919"	"窓ガラス"	"まどガラス"	"- windowpane; window glass"	"[""learning""]"	"9700"	"1"	"1739281943"	"[1]"
"1008490"	"2204742515"	"と"	"と"	"- if; when
- and
- with
- used for quoting (thoughts, speech, etc.)
- promoted pawn
- indicates a question"	"[""blacklisted""]"	"100"	""	""	"[10]"
"1298460"	"361650206"	"桜ん坊"	"さくらんぼ"	"- cherry fruit (esp. sweet cherry, Prunus avium)"	"[""due""]"	"149100"	""	"1738882715"	"[1]"
"1402540"	"1878475704"	"走る"	"はしる"	"- to run
- to run (of a vehicle); to drive; to travel; to move; to sail
- to rush (to); to dash; to race
- to retreat; to flee; to defect (to)
- to run away; to abscond; to elope
- to flash (of lightning); to streak; to shoot (through; e.g. of pain); to run (through); to flare; to flit (e.g. across one's face); to spread quickly (of news, shock, etc.)
- to go (e.g. bad, to extremes); to become; to turn; to take to (e.g. crime); to get carried away by (e.g. one's emotions); to get involved in; to get wrapped up in
- to run (through; of a road, street, etc.); to extend (e.g. of a mountain range); to stretch; to lie"	"[""known""]"	"400"	"4"	"1744482078"	"[1]"
"2009460"	"3364022010"	"お婆ちゃん"	"おばあちゃん"	"- granny; grandma; gran
- old lady; old woman"	"[""learning""]"	"25200"	"1"	"1739174741"	"[1]"
"1579720"	"2597096710"	"寂しい"	"さびしい"	"- lonely; lonesome; solitary; desolate"	"[""known""]"	"1000"	"3"	"1741008861"	"[3]"
"1157170"	"460825390"	"する"	"する"	"- to do; to carry out; to perform
- to cause to become; to make (into); to turn (into)
- to serve as; to act as; to work as
- to wear (clothes, a facial expression, etc.)
- to judge as being; to view as being; to think of as; to treat as; to use as
- to decide on; to choose
- to be sensed (of a smell, noise, etc.)
- to be (in a state, condition, etc.)
- to be worth; to cost
- to pass (of time); to elapse
- to place, or raise, person A to a post or status B
- to transform A to B; to make A into B; to exchange A for B
- to make use of A for B; to view A as B; to handle A as if it were B
- to feel A about B
- verbalizing suffix (applies to nouns noted in this dictionary with the part of speech ""vs"")
- creates a humble verb (after a noun prefixed with ""o"" or ""go"")
- to be just about to; to be just starting to; to try to; to attempt to"	"[""known""]"	"100"	"4"	"1742063739"	"[4]"
"1399610"	"3559629008"	"想像"	"そうぞう"	"- imagination; supposition; guess"	"[""due""]"	"700"	""	"1738962345"	"[1]"
"1227360"	"305012878"	"久しぶりに"	"ひさしぶりに"	"- after a long time; for the first time in a while"	"[""learning""]"	"2400"	"1"	"1739202486"	"[1]"
"2733720"	"2279595028"	"きゃあ"	"きゃあ"	"- yikes!; eek!; ouch!; blech
- ook; eek
- customer"	"[""due""]"	"4900"	""	"1739052979"	"[1]"
"1540170"	"3768385324"	"友達"	"ともだち"	"- friend; companion"	"[""known""]"	"700"	"3"	"1740917811"	"[1]"
"1296700"	"2715127760"	"罪悪感"	"ざいあくかん"	"- feelings of guilt"	"[""due""]"	"4100"	""	"1739083042"	"[1]"
"1006970"	"3897411395"	"それ"	"それ"	"- that; it
- then; that point (in time); that time
- there
- you"	"[""known""]"	"100"	"4"	"1743356146"	"[2]"
"2028940"	"2204193110"	"も"	"も"	"- too; also; in addition; as well; (not) either (in a negative sentence)
- both A and B; A as well as B; neither A nor B (in a negative sentence)
- even; as much as; as many as; as far as; as long as; no less than; no fewer than
- even if; even though; although; in spite of
- further; more; again; another; the other"	"[""blacklisted""]"	"100"	""	""	"[8]"
"1007480"	"1679828520"	"だらけ"	"だらけ"	"- full of (e.g. mistakes); riddled with
- covered all over with (blood, mud, etc.)"	"[""due""]"	"2100"	""	"1738898612"	"[1]"
"1216280"	"1125734134"	"まるで"	"まるで"	"- quite; entirely; completely; at all
- as if; as though; just like"	"[""due""]"	"500"	""	"1738985850"	"[1]"
"1198180"	"2261593789"	"会う"	"あう"	"- to meet; to encounter; to see
- to have an accident; to have a bad experience"	"[""known""]"	"200"	"3"	"1741014755"	"[1]"
"1077550"	"3403221167"	"チェック"	"チェック"	"- check; plaid; checkered
- checking; monitoring; looking over; scrutinizing; inspecting
- check (banking); cheque; bill (restaurant)
- check (chess)"	"[""known""]"	"2600"	"2"	"1739346031"	"[1]"
"2029120"	"2204768180"	"さ"	"さ"	"- -ness
- indicates assertion
- come; come now"	"[""blacklisted""]"	"100"	""	""	"[1]"
"1004310"	"1661282252"	"こう"	"こう"	"- in this way; thus; such
- uh..."	"[""due""]"	"200"	""	"1738980251"	"[1]"
"1577100"	"1737572525"	"何"	"なに"	"- what
- you-know-what; that thing
- whatsit; whachamacallit; what's-his-name; what's-her-name
- (not) at all; (not) in the slightest
- what?; huh?
- hey!
- oh, no (it's fine); why (it's nothing); oh (certainly not)"	"[""known""]"	"100"	"5"	"1746453685"	"[4]"
"1395620"	"4289485632"	"全然"	"ぜんぜん"	"- (not) at all; (not) in the slightest
- wholly; entirely; completely; totally
- extremely; very"	"[""known""]"	"700"	"2"	"1739279993"	"[1]"
"1565440"	"2008540917"	"ああ"	"ああ"	"- ah!; oh!; alas!
- yes; indeed; that is correct
- aah; gah; argh
- hey!; yo!
- uh huh; yeah yeah; right; gotcha"	"[""blacklisted""]"	"500"	""	""	"[9]"
"1152720"	"4155310685"	"握る"	"にぎる"	"- to clasp; to grasp; to grip; to clutch
- to hold (the answer); to have (e.g. the solution); to be the key; to be the reason
- to seize (power); to hold (the reins); to dominate; to control
- to make (nigirizushi, rice ball, etc.); to form (with one's hands); to press into shape; to mold; to mould"	"[""due""]"	"800"	""	"1738948924"	"[2]"
"2394370"	"2008526562"	"あっ"	"あっ"	"- ah; oh
- hey!"	"[""blacklisted""]"	"500"	""	""	"[1]"
"2028930"	"2204758175"	"が"	"が"	"- indicates sentence subject (occasionally object)
- indicates possessive (esp. in literary expressions)
- but; however; still; and
- regardless of; whether (or not)"	"[""blacklisted""]"	"100"	""	""	"[10]"
"1293810"	"4207914842"	"最後"	"さいご"	"- end; conclusion
- last; final; latest; most recent
- no sooner than; once; right after (often having negative consequences)
- one's final moments"	"[""due""]"	"300"	""	"1739052123"	"[1]"
"1206050"	"4157290589"	"覚える"	"おぼえる"	"- to memorize; to memorise; to commit to memory; to learn by heart; to bear in mind; to remember
- to learn; to pick up; to acquire
- to feel
- to think; to regard"	"[""known""]"	"300"	"4"	"1746328512"	"[1]"
"1002290"	"4059000958"	"お前"	"おまえ"	"- you
- presence (of a god, nobleman, etc.)"	"[""known""]"	"500"	"5"	"1749509776"	"[1]"
"1529440"	"611170197"	"夢見る"	"ゆめみる"	"- to dream (of)"	"[""due""]"	"5400"	""	"1739087395"	"[1]"
"1236070"	"1162053595"	"強い"	"つよい"	"- strong; potent; competent; domineering; tough
- strong; brawny; powerful; healthy; rugged
- good (at); skilled; knowledgeable
- being able to handle; know how to deal (with); durable (against); resistant (to); resilient
- firm; rigid; solid
- intense; strong; fierce; high
- dependable; trustworthy"	"[""known""]"	"200"	"3"	"1740432319"	"[1]"
"1406060"	"573425677"	"それでも"	"それでも"	"- but (still); and yet; nevertheless; even so; notwithstanding"	"[""due""]"	"300"	""	"1738928939"	"[1]"
"1536350"	"1717618640"	"夜"	"よる"	"- evening; night
- dinner"	"[""known""]"	"300"	"3"	"1741071310"	"[2]"
"1365040"	"2785697195"	"親"	"おや"	"- parent; parents; mother and father
- dealer (in cards, mahjong, etc.); banker
- founder; inventor
- (pet) owner
- key; parent (organization); main
- ancestor; forefather"	"[""failed""]"	"1000"	""	"1738966773"	"[2]"
"1318610"	"3437381511"	"自分"	"じぶん"	"- myself; yourself; oneself; himself; herself
- I; me
- you"	"[""known""]"	"100"	"3"	"1740367917"	"[1]"
"1342540"	"3480540510"	"始め"	"はじめ"	"- beginning; start; outset; opening
- first (in line, etc.)
- origin
- such as ...; not to mention ..."	"[""known""]"	"5900"	"2"	"1739348350"	"[1]"
"1589500"	"423983675"	"降りる"	"おりる"	"- to descend (e.g. a mountain); to go down; to come down
- to alight (e.g. from bus); to get off; to disembark; to dismount
- to step down; to retire; to give up; to quit; to fold
- to be granted; to be issued; to be given
- to form (of frost, dew, mist, etc.)
- to be passed (from the body; e.g. of a roundworm)"	"[""due""]"	"1000"	""	"1738881857"	"[1]"
"1406150"	"4113273628"	"存在"	"そんざい"	"- existence; being"	"[""due""]"	"300"	""	"1738942204"	"[1]"
"1254340"	"2543573859"	"決心"	"けっしん"	"- determination; resolution"	"[""due""]"	"4500"	""	"1738834022"	"[1]"
"1288850"	"1736536790"	"今"	"いま"	"- now; the present time; just now; soon; immediately
- another; more"	"[""known""]"	"100"	"4"	"1742661908"	"[1]"
"1311110"	"1819875830"	"私"	"わたし"	"- I; me"	"[""known""]"	"100"	"4"	"1744408070"	"[3]"
"1316690"	"3708585572"	"次第に"	"しだいに"	"- gradually (progress into a state)
- in sequence; in order; in turn"	"[""locked"" ""failed""]"	"2700"	""	""	"[1]"
"1319580"	"1281615050"	"叱る"	"しかる"	"- to scold; to chide; to rebuke; to reprimand"	"[""due""]"	"2800"	""	"1738892214"	"[1]"
"2029080"	"2204743820"	"ね"	"ね"	"- right?; isn't it?; doesn't it?; don't you?; don't you think?
- hey; say; listen; look; come on
- you know; you see; I must say; I should think
- will you?; please
- so, ...; well, ...; you see, ...; you understand?
- I'm not sure if ...; I have my doubts about whether ..."	"[""blacklisted""]"	"100"	""	""	"[4]"
"1006930"	"613641727"	"そのうち"	"そのうち"	"- before very long; soon; someday; one of these days; sooner or later
- of the previously mentioned; of that number; among them; among others"	"[""due""]"	"1300"	""	"1738884140"	"[1]"
"1423310"	"1737097940"	"中"	"なか"	"- inside; interior
- among; within
- middle; center; centre
- during; while; middle; midst; amid
- interval; gap
- mean; average
- second (of three, e.g. sons, volumes); middle
- medium grade; medium quality
- red-light district"	"[""known""]"	"100"	"3"	"1740925021"	"[1]"
"2028920"	"2204744690"	"は"	"は"	"- indicates sentence topic
- indicates contrast with another option (stated or unstated)
- adds emphasis"	"[""blacklisted""]"	"100"	""	""	"[26]"
"1008420"	"2566202759"	"でしょう"	"でしょう"	"- it seems; I think; I guess; I wonder
- right?; don't you agree?"	"[""blacklisted""]"	"200"	""	""	"[1]"
"1352320"	"958920641"	"あげる"	"あげる"	"- to raise; to elevate
- to do up (one's hair)
- to fly (a kite, etc.); to launch (fireworks, etc.); to surface (a submarine, etc.)
- to land (a boat)
- to deep-fry
- to show someone (into a room)
- to give
- to send someone (away)
- to enrol (one's child in school); to enroll
- to increase (price, quality, status, etc.); to develop (talent, skill); to improve
- to make (a loud sound); to raise (one's voice)
- to earn (something desirable)
- to praise
- to give (an example, etc.); to cite
- to summon up (all of one's energy, etc.)
- to arrest
- to nominate
- to summon (for geishas, etc.)
- to offer up (incense, a prayer, etc.) to the gods (or Buddha, etc.)
- to bear (a child)
- to conduct (a ceremony, esp. a wedding)
- (of the tide) to come in
- to vomit
- to do for (the sake of someone else)
- to complete ...
- to humbly do ..."	"[""redundant"" ""due""]"	"200"	""	""	"[1]"
"1579260"	"39084553"	"昨日"	"きのう"	"- yesterday"	"[""known""]"	"600"	"3"	"1740350208"	"[1]"
"1601890"	"860319946"	"必死"	"ひっし"	"- frantic; frenetic; desperate
- inevitable death
- brinkmate (inevitable checkmate)"	"[""due""]"	"800"	""	"1738881015"	"[1]"
"1192150"	"2926220372"	"家族"	"かぞく"	"- family; members of a family"	"[""known""]"	"400"	"3"	"1741554034"	"[2]"
"1597040"	"1419495272"	"立つ"	"たつ"	"- to stand; to rise; to stand up
- to find oneself (e.g. in a difficult position)
- to depart (on a plane, train, etc.)"	"[""known""]"	"300"	"3"	"1740973770"	"[1]"
"2128130"	"913275018"	"側から"	"そばから"	"- as soon as; right after"	"[""due""]"	"5700"	""	"1738956249"	"[1]"
"1461410"	"932217549"	"二回"	"にかい"	"- twice"	"[""learning""]"	"4300"	"1"	"1739203103"	"[1]"
"1347780"	"1600742582"	"ちっちゃい"	"ちっちゃい"	"- tiny; little; wee"	"[""due""]"	"7200"	""	"1739093871"	"[1]"
"1304970"	"2684750118"	"仕事"	"しごと"	"- work; job; labor; labour; business; task; assignment; occupation; employment
- work"	"[""known""]"	"200"	"5"	"1747292587"	"[3]"
"1524930"	"3145946354"	"また"	"また"	"- again; once more; once again; another time; some other time
- also; too; as well; likewise
- on the other hand; while
- and; in addition; besides; moreover; furthermore
- or; otherwise
- really; how; (what, why) on earth
- indirect"	"[""known""]"	"100"	"2"	"1739438232"	"[1]"
"1519290"	"2521671147"	"忙しい"	"いそがしい"	"- busy; occupied; hectic
- restless; hurried; fidgety"	"[""known""]"	"1000"	"3"	"1739270023"	"[1]"
"1338240"	"2094085577"	"出る"	"でる"	"- to leave; to exit; to go out; to come out; to get out
- to leave (on a journey); to depart; to start out; to set out
- to move forward
- to come to; to get to; to lead to; to reach
- to appear; to come out; to emerge; to surface; to come forth; to turn up; to be found; to be detected; to be discovered; to be exposed; to show; to be exhibited; to be on display
- to appear (in print); to be published; to be announced; to be issued; to be listed; to come out
- to attend; to participate; to take part; to enter (an event); to play in; to perform
- to be stated; to be expressed; to come up; to be brought up; to be raised
- to sell
- to exceed; to go over
- to stick out; to protrude
- to break out; to occur; to start; to originate
- to be produced
- to come from; to be derived from
- to be given; to get; to receive; to be offered; to be provided; to be presented; to be submitted; to be handed in; to be turned in; to be paid
- to answer (phone, door, etc.); to get
- to assume (an attitude); to act; to behave
- to pick up (speed, etc.); to gain
- to flow (e.g. tears); to run; to bleed
- to graduate
- to ejaculate; to cum"	"[""known""]"	"100"	"4"	"1743632445"	"[1]"
"2194050"	"100441280"	"えっ"	"えっ"	"- huh?; what's up?"	"[""blacklisted""]"	"500"	""	""	"[1]"
"1242260"	"1952589239"	"近況"	"きんきょう"	"- recent state; present state; present condition; current status; current circumstances"	"[""due""]"	"17900"	""	"1738989522"	"[1]"
"2029100"	"2204198765"	"わ"	"わ"	"- indicates emotion or admiration
- indicates emphasis
- I; me
- wah!
- boo!"	"[""blacklisted""]"	"100"	""	""	"[1]"
"1198550"	"1937359144"	"会社"	"かいしゃ"	"- company; corporation
- workplace"	"[""known""]"	"1700"	"3"	"1741553081"	"[2]"
"2034990"	"1822811210"	"綾"	"あや"	"- figure; design
- twill weave; pattern of diagonal stripes
- style (of writing); figure (of speech)
- design; plot; plan
- minor market fluctuation; technical correction
- cat's cradle
- lease rod (in a loom)"	"[""due""]"	"15500"	""	"1738929870"	"[2]"
"1293990"	"4215967127"	"最初"	"さいしょ"	"- beginning; outset; first; onset"	"[""known""]"	"300"	"3"	"1740794054"	"[1]"
"1725320"	"1868089063"	"このところ"	"このところ"	"- lately; recently"	"[""due""]"	"7900"	""	"1738909102"	"[1]"
"1191730"	"1719503060"	"家"	"いえ"	"- house; residence; dwelling
- family; household
- lineage; family name"	"[""known""]"	"200"	"5"	"1749892354"	"[1]"
"1497610"	"1828496660"	"父"	"ちち"	"- father"	"[""known""]"	"700"	"3"	"1741505018"	"[2]"
"1007340"	"1339419198"	"だけ"	"だけ"	"- only; just; merely; simply; no more than; nothing but; alone
- as much as; to the extent of; enough to"	"[""known""]"	"100"	"4"	"1743227603"	"[3]"
"1569740"	"1831017920"	"皴"	"しわ"	"- wrinkle; crease
- ripple"	"[""due""]"	"81100"	""	"1738903248"	"[2]"
"1529520"	"4283590171"	"ない"	"ない"	"- nonexistent; not being (there)
- unowned; not had; unpossessed
- unique
- not; impossible; won't happen
- not
- to not be; to have not"	"[""known""]"	"100"	"4"	"1746800441"	"[1]"
"1541900"	"2169398293"	"誘う"	"さそう"	"- to invite; to ask (someone to do); to call (for); to take (someone) along
- to tempt; to lure; to entice; to seduce
- to induce (tears, laughter, sleepiness, etc.); to arouse (e.g. sympathy); to provoke"	"[""due""]"	"1000"	""	"1739040465"	"[1]"
"1327120"	"397212964"	"守る"	"まもる"	"- to protect; to guard; to defend
- to keep (i.e. a promise); to abide (by the rules); to observe; to obey; to follow"	"[""due""]"	"300"	""	"1739066239"	"[2]"
"1163700"	"529332346"	"一人で"	"ひとりで"	"- alone; by oneself; on one's own"	"[""locked"" ""due""]"	"800"	""	""	"[1]"
"1361490"	"2973219284"	"新しい"	"あたらしい"	"- new; novel; fresh; recent; latest; up-to-date; modern"	"[""known""]"	"400"	"3"	"1741586842"	"[1]"
"1311125"	"838481791"	"あたし"	"あたし"	"- I; me"	"[""known""]"	"3100"	"3"	"1740906261"	"[1]"
"1195840"	"3597183030"	"課長"	"かちょう"	"- section manager; section chief"	"[""known""]"	"8800"	"2"	"1739332373"	"[1]"
"1383800"	"4009103397"	"きり"	"きり"	"- end; finish; stop
- bounds; limits
- delivery date (of a futures contract)
- finale (of a noh song); end of an act (in jōruri or kabuki); final performance of the day (in vaudeville)
- counter for slices (esp. thick slices); counter for cuts (e.g. fish, meat)
- only; just
- since; after
- remaining (in a particular state)"	"[""known""]"	"1200"	"2"	"1739347293"	"[1]"
"1445740"	"1701499141"	"怒鳴る"	"どなる"	"- to shout (in anger); to yell"	"[""due""]"	"3800"	""	"1738887800"	"[1]"
"1259290"	"3110766742"	"見る"	"みる"	"- to see; to look; to watch; to view; to observe
- to examine; to look over; to assess; to check; to judge
- to look after; to attend to; to take care of; to keep an eye on
- to experience; to meet with (misfortune, success, etc.)
- to try ...; to have a go at ...; to give ... a try
- to see (that) ...; to find (that) ..."	"[""known""]"	"100"	"4"	"1742978767"	"[3]"
"1587040"	"1847411251"	"言う"	"いう"	"- to say; to utter; to declare
- to name; to call
- to go (e.g. ""the alarm went ping""); to make a noise"	"[""known""]"	"100"	"4"	"1746497568"	"[3]"
"1173710"	"1509021869"	"映る"	"うつる"	"- to be reflected; to harmonize with (harmonise); to come out (photo); to be projected; to be displayed (on a screen)"	"[""due""]"	"1800"	""	"1738922485"	"[1]"
"1008590"	"642149062"	"として"	"として"	"- as (i.e. in the role of); for (i.e. from the viewpoint of)
- apart from... (used to change the topic)
- even (e.g. ""not even a single person"")
- thinking that...; trying to..."	"[""due""]"	"200"	""	"1738887522"	"[1]"
"1012440"	"3488851764"	"めく"	"めく"	"- to show signs of ...; to have the appearance of ..."	"[""learning""]"	"3500"	"1"	"1739177111"	"[1]"
"1005340"	"1964648434"	"さん"	"さん"	"- Mr.; Mrs.; Miss; Ms.; -san
- politeness marker"	"[""known""]"	"100"	"4"	"1743903243"	"[7]"
"2763520"	"56276964"	"もうちょっと"	"もうちょっと"	"- a bit more; a bit longer"	"[""known""]"	"2100"	"2"	"1739802478"	"[1]"
"1606140"	"3457290887"	"喜び"	"よろこび"	"- joy; delight; rapture; pleasure; gratification; rejoicing; congratulations; felicitations"	"[""due""]"	"2300"	""	"1738955503"	"[3]"
"1589350"	"3737793312"	"思う"	"おもう"	"- to think; to consider; to believe; to reckon
- to think (of doing); to plan (to do)
- to judge; to assess; to regard
- to imagine; to suppose; to dream
- to expect; to look forward to
- to feel; to be (in a state of mind); to desire; to want
- to recall; to remember"	"[""known""]"	"100"	"5"	"1751475128"	"[1]"
"1313580"	"1661298782"	"こと"	"こと"	"- thing; matter
- incident; occurrence; event; something serious; trouble; crisis
- circumstances; situation; state of affairs
- work; business; affair
- after an inflectable word, creates a noun phrase indicating something the speaker does not feel close to
- nominalizing suffix
- pretending to ...; playing make-believe ...
- alias; also known as; otherwise known as; or
- necessity; need
- you should ...; I advise that you ...; it's important to ..."	"[""redundant"" ""known""]"	"100"	""	""	"[8]"
"1519210"	"2039505008"	"忘れる"	"わすれる"	"- to forget; to leave carelessly; to be forgetful of; to forget about; to forget (an article)"	"[""known""]"	"300"	"3"	"1740978793"	"[1]"
"1365410"	"2573367708"	"親友"	"しんゆう"	"- close friend; bosom friend; buddy; crony; chum"	"[""due""]"	"3300"	""	"1738922960"	"[1]"
"1009610"	"3242240223"	"にも"	"にも"	"- also; too; not ... either; as well; even
- (it's not possible) no matter what; although one might wish otherwise"	"[""blacklisted""]"	"100"	""	""	"[1]"
"1175140"	"2643874580"	"駅"	"えき"	"- railway station; train station
- staging post on a highway (in pre-modern Japan)
- counter for railway stations and bus stations"	"[""known""]"	"2200"	"3"	"1741498486"	"[2]"
"1285520"	"2417794902"	"豪華"	"ごうか"	"- extravagant; lavish; opulent; luxurious; magnificent; splendid; fancy; gorgeous"	"[""due""]"	"4400"	""	"1738850565"	"[1]"
"1009600"	"1330442727"	"にとって"	"にとって"	"- to; for; from the standpoint of; as far as ... is concerned"	"[""due""]"	"300"	""	"1738931603"	"[1]"
"2755350"	"3798610129"	"じゃない"	"じゃない"	"- is not; am not; are not
- isn't it?"	"[""known""]"	"100"	"3"	"1739395132"	"[2]"
"1013130"	"3584139315"	"ようになる"	"ようになる"	"- to reach the point that; to come to be that; to turn into"	"[""locked"" ""due""]"	"400"	""	""	"[2]"
"1577980"	"895877539"	"いる"	"いる"	"- to be (of animate objects); to exist
- to stay
- to be ...-ing; to have been ...-ing"	"[""known""]"	"100"	"4"	"1739147913"	"[3]"
"1363250"	"2126905881"	"真っ赤"	"まっか"	"- bright red; deep red; flushed (of face)
- downright (e.g. lie); complete; utter"	"[""learning""]"	"1700"	"1"	"1739138221"	"[1]"
"1190860"	"1129441285"	"おかしい"	"おかしい"	"- funny; amusing; comical; laughable; ridiculous
- strange; odd; funny; peculiar; weird; unusual; eccentric
- improper; unsuitable; unbecoming
- suspicious"	"[""known""]"	"600"	"3"	"1740500109"	"[2]"
"1009980"	"2452146086"	"のに"	"のに"	"- although; despite; even though; and yet
- whereas; while
- if only; I wish
- in order to"	"[""blacklisted""]"	"100"	""	""	"[1]"
"1416830"	"2787944405"	"誰"	"だれ"	"- who"	"[""known""]"	"200"	"3"	"1740877881"	"[1]"
"1473740"	"2721851026"	"買う"	"かう"	"- to buy; to purchase
- to value; to have a high opinion
- to stir; to provoke; to draw upon oneself"	"[""known""]"	"400"	"4"	"1742887384"	"[1]"
"2086640"	"2204769050"	"し"	"し"	"- and; besides; moreover; what's more; not only ... but also
- because; since
- the thing is; for one thing"	"[""blacklisted""]"	"100"	""	""	"[1]"
"1398670"	"1713526595"	"双"	"そう"	"- pair"	"[""due""]"	"8900"	""	"1738922238"	"[1]"
"1008460"	"547989611"	"でも"	"でも"	"- but; however; though; nevertheless; still; yet; even so; also; as well
- even
- however; no matter how; even if; even though
- ... or something
- either ... or ...; neither ... nor ...
- pseudo-; quack; in-name-only
- for lack of anything better to do"	"[""blacklisted""]"	"100"	""	""	"[2]"
"1009290"	"157655575"	"どれ"	"どれ"	"- which (of three or more)
- well; now; c'mon"	"[""known""]"	"900"	"3"	"1739891201"	"[1]"
"2532990"	"3343859277"	"さえも"	"さえも"	"- even"	"[""due""]"	"3800"	""	"1738915653"	"[1]"
"2089060"	"1375182957"	"なんて"	"なんて"	"- things like; something like; someone like; such a thing as; (the fact) that; to think that"	"[""blacklisted""]"	"100"	""	""	"[2]"
"2087820"	"4070793607"	"んだ"	"んだ"	"- the expectation is that ...; the reason is that ...; the fact is that ...; the explanation is that ...; it is that ..."	"[""blacklisted""]"	"100"	""	""	"[1]"
"1252860"	"3840579138"	"軽蔑"	"けいべつ"	"- scorn; disdain; contempt"	"[""due""]"	"6300"	""	"1738882990"	"[1]"
"2827091"	"460824520"	"すら"	"すら"	"- even"	"[""blacklisted""]"	"700"	""	""	"[1]"
"2643970"	"319715906"	"だって"	"だって"	"- after all; because
- but
- even
- too; as well; also
- they say; I hear; you mean"	"[""blacklisted""]"	"200"	""	""	"[1]"
"1531190"	"1718363360"	"娘"	"むすめ"	"- daughter
- girl (i.e. a young, unmarried woman)"	"[""known""]"	"600"	"3"	"1741581451"	"[2]"
"1381210"	"851932102"	"誓う"	"ちかう"	"- to swear; to vow; to take an oath; to pledge"	"[""due""]"	"2400"	""	"1738919216"	"[1]"
"1547720"	"1154899103"	"来る"	"くる"	"- to come (spatially or temporally); to approach; to arrive
- to come back; to do ... and come back
- to come to be; to become; to get; to grow; to continue
- to come from; to be caused by; to derive from
- to come to (i.e. ""when it comes to spinach ..."")"	"[""known""]"	"100"	"5"	"1749492033"	"[1]"
"2420940"	"2200360742"	"小さい頃"	"ちいさいころ"	"- as a child; when one was a child"	"[""known""]"	"5600"	"2"	"1739542257"	"[2]"
"1582670"	"1049918979"	"二人"	"ふたり"	"- two persons; two people; pair; couple"	"[""known""]"	"500"	"3"	"1740890460"	"[2]"
"1483740"	"1426769269"	"疲れる"	"つかれる"	"- to get tired; to tire; to get fatigued; to become exhausted; to grow weary
- to become worn out (of a well-used object)
- to starve"	"[""known""]"	"800"	"5"	"1748727342"	"[1]"
"1610460"	"592816107"	"連れてくる"	"つれてくる"	"- to bring someone along"	"[""due""]"	"1800"	""	"1738950392"	"[1]"
"2029090"	"2204195720"	"よ"	"よ"	"- hey; you
- hey
- hey; hold on
- yo; hey"	"[""blacklisted""]"	"100"	""	""	"[10]"
"2087950"	"291811689"	"わあ"	"わあ"	"- wow!; oh!; eek!; gee!
- yeah!; alright!; hurray!
- waah!; boohoo!"	"[""blacklisted""]"	"1800"	""	""	"[1]"
"1579110"	"1518746816"	"今日"	"きょう"	"- today; this day
- these days; recently; nowadays"	"[""known""]"	"200"	"4"	"1743910205"	"[2]"
"1575730"	"2054768254"	"悪口"	"わるぐち"	"- slander; bad-mouthing; abuse; insult; speaking ill (of)"	"[""due""]"	"6800"	""	"1739053596"	"[1]"
"1507910"	"4177434067"	"平凡"	"へいぼん"	"- ordinary; common; commonplace; mediocre; unremarkable; undistinguished; uneventful"	"[""due""]"	"5600"	""	"1738947166"	"[1]"
"1172400"	"1715349680"	"嘘"	"うそ"	"- lie; fib; falsehood; untruth
- mistake; error
- unwise move; bad decision
- no way!; unbelievable!; really?!"	"[""learning""]"	"1400"	"1"	"1739165254"	"[3]"